USER,CASE_STATUS,DOCUMENT_TYPE,PARENT,CREATOR,CREATE,WRITE,REMOVE,CHANGE_TYPE,RENAME,FINISH
SAKSBEHANDLER,LEDIG,SMART_DOCUMENT,NONE,KABAL_SAKSBEHANDLING,NOT_SUPPORTED,ALLOWED,ALLOWED,ALLOWED,ALLOWED,ALLOWED
SAKSBEHANDLER,LEDIG,SMART_DOCUMENT,NONE,KABAL_ROL,NOT_SUPPORTED,UNSET,UNSET,UNSET,UNSET,UNSET
SAKSBEHANDLER,LEDIG,SMART_DOCUMENT,NONE,KABAL_MEDUNDERSKRIVER,NOT_SUPPORTED,UNSET,UNSET,UNSET,UNSET,UNSET
SAKSBEHANDLER,LEDIG,SMART_DOCUMENT,NONE,NONE,UNSET,UNSET,UNSET,UNSET,UNSET,UNSET
SAKSBEHANDLER,LEDIG,UPLOADED,NONE,KABAL_SAKSBEHANDLING,NOT_SUPPORTED,NOT_SUPPORTED,UNSET,UNSET,UNSET,UNSET
SAKSBEHANDLER,LEDIG,UPLOADED,NONE,KABAL_ROL,NOT_SUPPORTED,NOT_SUPPORTED,UNSET,UNSET,UNSET,UNSET
SAKSBEHANDLER,LEDIG,UPLOADED,NONE,KABAL_MEDUNDERSKRIVER,NOT_SUPPORTED,NOT_SUPPORTED,UNSET,UNSET,UNSET,UNSET
SAKSBEHANDLER,LEDIG,UPLOADED,NONE,NONE,UNSET,NOT_SUPPORTED,UNSET,UNSET,UNSET,UNSET
SAKSBEHANDLER,LEDIG,UPLOADED,UPLOADED,KABAL_SAKSBEHANDLING,NOT_SUPPORTED,NOT_SUPPORTED,UNSET,NOT_SUPPORTED,UNSET,NOT_SUPPORTED
SAKSBEHANDLER,LEDIG,UPLOADED,UPLOADED,KABAL_ROL,NOT_SUPPORTED,NOT_SUPPORTED,UNSET,NOT_SUPPORTED,UNSET,NOT_SUPPORTED
SAKSBEHANDLER,LEDIG,UPLOADED,UPLOADED,KABAL_MEDUNDERSKRIVER,NOT_SUPPORTED,NOT_SUPPORTED,UNSET,NOT_SUPPORTED,UNSET,NOT_SUPPORTED
SAKSBEHANDLER,LEDIG,UPLOADED,UPLOADED,NONE,UNSET,NOT_SUPPORTED,UNSET,NOT_SUPPORTED,UNSET,NOT_SUPPORTED
SAKSBEHANDLER,LEDIG,JOURNALFOERT,SMART_DOCUMENT,KABAL_SAKSBEHANDLING,NOT_SUPPORTED,NOT_SUPPORTED,UNSET,NOT_SUPPORTED,NOT_SUPPORTED,NOT_SUPPORTED
SAKSBEHANDLER,LEDIG,JOURNALFOERT,SMART_DOCUMENT,KABAL_ROL,NOT_SUPPORTED,NOT_SUPPORTED,UNSET,NOT_SUPPORTED,NOT_SUPPORTED,NOT_SUPPORTED
SAKSBEHANDLER,LEDIG,JOURNALFOERT,SMART_DOCUMENT,KABAL_MEDUNDERSKRIVER,NOT_SUPPORTED,NOT_SUPPORTED,UNSET,NOT_SUPPORTED,NOT_SUPPORTED,NOT_SUPPORTED
SAKSBEHANDLER,LEDIG,JOURNALFOERT,SMART_DOCUMENT,NONE,UNSET,NOT_SUPPORTED,UNSET,NOT_SUPPORTED,NOT_SUPPORTED,NOT_SUPPORTED
SAKSBEHANDLER,LEDIG,JOURNALFOERT,ROL_QUESTIONS,KABAL_SAKSBEHANDLING,NOT_SUPPORTED,NOT_SUPPORTED,UNSET,NOT_SUPPORTED,NOT_SUPPORTED,NOT_SUPPORTED
SAKSBEHANDLER,LEDIG,JOURNALFOERT,ROL_QUESTIONS,KABAL_ROL,NOT_SUPPORTED,NOT_SUPPORTED,UNSET,NOT_SUPPORTED,NOT_SUPPORTED,NOT_SUPPORTED
SAKSBEHANDLER,LEDIG,JOURNALFOERT,ROL_QUESTIONS,KABAL_MEDUNDERSKRIVER,NOT_SUPPORTED,NOT_SUPPORTED,UNSET,NOT_SUPPORTED,NOT_SUPPORTED,NOT_SUPPORTED
SAKSBEHANDLER,LEDIG,JOURNALFOERT,ROL_QUESTIONS,NONE,UNSET,NOT_SUPPORTED,UNSET,NOT_SUPPORTED,NOT_SUPPORTED,NOT_SUPPORTED
SAKSBEHANDLER,LEDIG,ROL_QUESTIONS,NONE,KABAL_SAKSBEHANDLING,NOT_SUPPORTED,UNSET,UNSET,NOT_SUPPORTED,UNSET,UNSET
SAKSBEHANDLER,LEDIG,ROL_QUESTIONS,NONE,KABAL_ROL,NOT_SUPPORTED,UNSET,UNSET,NOT_SUPPORTED,UNSET,UNSET
SAKSBEHANDLER,LEDIG,ROL_QUESTIONS,NONE,KABAL_MEDUNDERSKRIVER,NOT_SUPPORTED,UNSET,UNSET,NOT_SUPPORTED,UNSET,UNSET
SAKSBEHANDLER,LEDIG,ROL_QUESTIONS,NONE,NONE,UNSET,UNSET,UNSET,NOT_SUPPORTED,UNSET,UNSET
SAKSBEHANDLER,LEDIG,ROL_ANSWERS,ROL_QUESTIONS,KABAL_SAKSBEHANDLING,NOT_SUPPORTED,UNSET,UNSET,NOT_SUPPORTED,NOT_SUPPORTED,NOT_SUPPORTED
SAKSBEHANDLER,LEDIG,ROL_ANSWERS,ROL_QUESTIONS,KABAL_ROL,NOT_SUPPORTED,UNSET,UNSET,NOT_SUPPORTED,NOT_SUPPORTED,NOT_SUPPORTED
SAKSBEHANDLER,LEDIG,ROL_ANSWERS,ROL_QUESTIONS,KABAL_MEDUNDERSKRIVER,NOT_SUPPORTED,UNSET,UNSET,NOT_SUPPORTED,NOT_SUPPORTED,NOT_SUPPORTED
SAKSBEHANDLER,LEDIG,ROL_ANSWERS,ROL_QUESTIONS,NONE,UNSET,UNSET,UNSET,NOT_SUPPORTED,NOT_SUPPORTED,NOT_SUPPORTED
SAKSBEHANDLER,WITH_SAKSBEHANDLER,SMART_DOCUMENT,NONE,KABAL_SAKSBEHANDLING,NOT_SUPPORTED,UNSET,UNSET,UNSET,UNSET,UNSET
SAKSBEHANDLER,WITH_SAKSBEHANDLER,SMART_DOCUMENT,NONE,KABAL_ROL,NOT_SUPPORTED,UNSET,UNSET,UNSET,UNSET,UNSET
SAKSBEHANDLER,WITH_SAKSBEHANDLER,SMART_DOCUMENT,NONE,KABAL_MEDUNDERSKRIVER,NOT_SUPPORTED,UNSET,UNSET,UNSET,UNSET,UNSET
SAKSBEHANDLER,WITH_SAKSBEHANDLER,SMART_DOCUMENT,NONE,NONE,UNSET,UNSET,UNSET,UNSET,UNSET,UNSET
SAKSBEHANDLER,WITH_SAKSBEHANDLER,UPLOADED,NONE,KABAL_SAKSBEHANDLING,NOT_SUPPORTED,NOT_SUPPORTED,UNSET,UNSET,UNSET,UNSET
SAKSBEHANDLER,WITH_SAKSBEHANDLER,UPLOADED,NONE,KABAL_ROL,NOT_SUPPORTED,NOT_SUPPORTED,UNSET,UNSET,UNSET,UNSET
SAKSBEHANDLER,WITH_SAKSBEHANDLER,UPLOADED,NONE,KABAL_MEDUNDERSKRIVER,NOT_SUPPORTED,NOT_SUPPORTED,UNSET,UNSET,UNSET,UNSET
SAKSBEHANDLER,WITH_SAKSBEHANDLER,UPLOADED,NONE,NONE,UNSET,NOT_SUPPORTED,UNSET,UNSET,UNSET,UNSET
SAKSBEHANDLER,WITH_SAKSBEHANDLER,UPLOADED,UPLOADED,KABAL_SAKSBEHANDLING,NOT_SUPPORTED,NOT_SUPPORTED,UNSET,NOT_SUPPORTED,UNSET,NOT_SUPPORTED
SAKSBEHANDLER,WITH_SAKSBEHANDLER,UPLOADED,UPLOADED,KABAL_ROL,NOT_SUPPORTED,NOT_SUPPORTED,UNSET,NOT_SUPPORTED,UNSET,NOT_SUPPORTED
SAKSBEHANDLER,WITH_SAKSBEHANDLER,UPLOADED,UPLOADED,KABAL_MEDUNDERSKRIVER,NOT_SUPPORTED,NOT_SUPPORTED,UNSET,NOT_SUPPORTED,UNSET,NOT_SUPPORTED
SAKSBEHANDLER,WITH_SAKSBEHANDLER,UPLOADED,UPLOADED,NONE,UNSET,NOT_SUPPORTED,UNSET,NOT_SUPPORTED,UNSET,NOT_SUPPORTED
SAKSBEHANDLER,WITH_SAKSBEHANDLER,JOURNALFOERT,SMART_DOCUMENT,KABAL_SAKSBEHANDLING,NOT_SUPPORTED,NOT_SUPPORTED,UNSET,NOT_SUPPORTED,NOT_SUPPORTED,NOT_SUPPORTED
SAKSBEHANDLER,WITH_SAKSBEHANDLER,JOURNALFOERT,SMART_DOCUMENT,KABAL_ROL,NOT_SUPPORTED,NOT_SUPPORTED,UNSET,NOT_SUPPORTED,NOT_SUPPORTED,NOT_SUPPORTED
SAKSBEHANDLER,WITH_SAKSBEHANDLER,JOURNALFOERT,SMART_DOCUMENT,KABAL_MEDUNDERSKRIVER,NOT_SUPPORTED,NOT_SUPPORTED,UNSET,NOT_SUPPORTED,NOT_SUPPORTED,NOT_SUPPORTED
SAKSBEHANDLER,WITH_SAKSBEHANDLER,JOURNALFOERT,SMART_DOCUMENT,NONE,UNSET,NOT_SUPPORTED,UNSET,NOT_SUPPORTED,NOT_SUPPORTED,NOT_SUPPORTED
SAKSBEHANDLER,WITH_SAKSBEHANDLER,JOURNALFOERT,ROL_QUESTIONS,KABAL_SAKSBEHANDLING,NOT_SUPPORTED,NOT_SUPPORTED,UNSET,NOT_SUPPORTED,NOT_SUPPORTED,NOT_SUPPORTED
SAKSBEHANDLER,WITH_SAKSBEHANDLER,JOURNALFOERT,ROL_QUESTIONS,KABAL_ROL,NOT_SUPPORTED,NOT_SUPPORTED,UNSET,NOT_SUPPORTED,NOT_SUPPORTED,NOT_SUPPORTED
SAKSBEHANDLER,WITH_SAKSBEHANDLER,JOURNALFOERT,ROL_QUESTIONS,KABAL_MEDUNDERSKRIVER,NOT_SUPPORTED,NOT_SUPPORTED,UNSET,NOT_SUPPORTED,NOT_SUPPORTED,NOT_SUPPORTED
SAKSBEHANDLER,WITH_SAKSBEHANDLER,JOURNALFOERT,ROL_QUESTIONS,NONE,UNSET,NOT_SUPPORTED,UNSET,NOT_SUPPORTED,NOT_SUPPORTED,NOT_SUPPORTED
SAKSBEHANDLER,WITH_SAKSBEHANDLER,ROL_QUESTIONS,NONE,KABAL_SAKSBEHANDLING,NOT_SUPPORTED,UNSET,UNSET,NOT_SUPPORTED,UNSET,UNSET
SAKSBEHANDLER,WITH_SAKSBEHANDLER,ROL_QUESTIONS,NONE,KABAL_ROL,NOT_SUPPORTED,UNSET,UNSET,NOT_SUPPORTED,UNSET,UNSET
SAKSBEHANDLER,WITH_SAKSBEHANDLER,ROL_QUESTIONS,NONE,KABAL_MEDUNDERSKRIVER,NOT_SUPPORTED,UNSET,UNSET,NOT_SUPPORTED,UNSET,UNSET
SAKSBEHANDLER,WITH_SAKSBEHANDLER,ROL_QUESTIONS,NONE,NONE,UNSET,UNSET,UNSET,NOT_SUPPORTED,UNSET,UNSET
SAKSBEHANDLER,WITH_SAKSBEHANDLER,ROL_ANSWERS,ROL_QUESTIONS,KABAL_SAKSBEHANDLING,NOT_SUPPORTED,UNSET,UNSET,NOT_SUPPORTED,NOT_SUPPORTED,NOT_SUPPORTED
SAKSBEHANDLER,WITH_SAKSBEHANDLER,ROL_ANSWERS,ROL_QUESTIONS,KABAL_ROL,NOT_SUPPORTED,UNSET,UNSET,NOT_SUPPORTED,NOT_SUPPORTED,NOT_SUPPORTED
SAKSBEHANDLER,WITH_SAKSBEHANDLER,ROL_ANSWERS,ROL_QUESTIONS,KABAL_MEDUNDERSKRIVER,NOT_SUPPORTED,UNSET,UNSET,NOT_SUPPORTED,NOT_SUPPORTED,NOT_SUPPORTED
SAKSBEHANDLER,WITH_SAKSBEHANDLER,ROL_ANSWERS,ROL_QUESTIONS,NONE,UNSET,UNSET,UNSET,NOT_SUPPORTED,NOT_SUPPORTED,NOT_SUPPORTED
SAKSBEHANDLER,WITH_MU,SMART_DOCUMENT,NONE,KABAL_SAKSBEHANDLING,NOT_SUPPORTED,UNSET,UNSET,UNSET,UNSET,UNSET
SAKSBEHANDLER,WITH_MU,SMART_DOCUMENT,NONE,KABAL_ROL,NOT_SUPPORTED,UNSET,UNSET,UNSET,UNSET,UNSET
SAKSBEHANDLER,WITH_MU,SMART_DOCUMENT,NONE,KABAL_MEDUNDERSKRIVER,NOT_SUPPORTED,UNSET,UNSET,UNSET,UNSET,UNSET
SAKSBEHANDLER,WITH_MU,SMART_DOCUMENT,NONE,NONE,UNSET,UNSET,UNSET,UNSET,UNSET,UNSET
SAKSBEHANDLER,WITH_MU,UPLOADED,NONE,KABAL_SAKSBEHANDLING,NOT_SUPPORTED,NOT_SUPPORTED,UNSET,UNSET,UNSET,UNSET
SAKSBEHANDLER,WITH_MU,UPLOADED,NONE,KABAL_ROL,NOT_SUPPORTED,NOT_SUPPORTED,UNSET,UNSET,UNSET,UNSET
SAKSBEHANDLER,WITH_MU,UPLOADED,NONE,KABAL_MEDUNDERSKRIVER,NOT_SUPPORTED,NOT_SUPPORTED,UNSET,UNSET,UNSET,UNSET
SAKSBEHANDLER,WITH_MU,UPLOADED,NONE,NONE,UNSET,NOT_SUPPORTED,UNSET,UNSET,UNSET,UNSET
SAKSBEHANDLER,WITH_MU,UPLOADED,UPLOADED,KABAL_SAKSBEHANDLING,NOT_SUPPORTED,NOT_SUPPORTED,UNSET,NOT_SUPPORTED,UNSET,NOT_SUPPORTED
SAKSBEHANDLER,WITH_MU,UPLOADED,UPLOADED,KABAL_ROL,NOT_SUPPORTED,NOT_SUPPORTED,UNSET,NOT_SUPPORTED,UNSET,NOT_SUPPORTED
SAKSBEHANDLER,WITH_MU,UPLOADED,UPLOADED,KABAL_MEDUNDERSKRIVER,NOT_SUPPORTED,NOT_SUPPORTED,UNSET,NOT_SUPPORTED,UNSET,NOT_SUPPORTED
SAKSBEHANDLER,WITH_MU,UPLOADED,UPLOADED,NONE,UNSET,NOT_SUPPORTED,UNSET,NOT_SUPPORTED,UNSET,NOT_SUPPORTED
SAKSBEHANDLER,WITH_MU,JOURNALFOERT,SMART_DOCUMENT,KABAL_SAKSBEHANDLING,NOT_SUPPORTED,NOT_SUPPORTED,UNSET,NOT_SUPPORTED,NOT_SUPPORTED,NOT_SUPPORTED
SAKSBEHANDLER,WITH_MU,JOURNALFOERT,SMART_DOCUMENT,KABAL_ROL,NOT_SUPPORTED,NOT_SUPPORTED,UNSET,NOT_SUPPORTED,NOT_SUPPORTED,NOT_SUPPORTED
SAKSBEHANDLER,WITH_MU,JOURNALFOERT,SMART_DOCUMENT,KABAL_MEDUNDERSKRIVER,NOT_SUPPORTED,NOT_SUPPORTED,UNSET,NOT_SUPPORTED,NOT_SUPPORTED,NOT_SUPPORTED
SAKSBEHANDLER,WITH_MU,JOURNALFOERT,SMART_DOCUMENT,NONE,UNSET,NOT_SUPPORTED,UNSET,NOT_SUPPORTED,NOT_SUPPORTED,NOT_SUPPORTED
SAKSBEHANDLER,WITH_MU,JOURNALFOERT,ROL_QUESTIONS,KABAL_SAKSBEHANDLING,NOT_SUPPORTED,NOT_SUPPORTED,UNSET,NOT_SUPPORTED,NOT_SUPPORTED,NOT_SUPPORTED
SAKSBEHANDLER,WITH_MU,JOURNALFOERT,ROL_QUESTIONS,KABAL_ROL,NOT_SUPPORTED,NOT_SUPPORTED,UNSET,NOT_SUPPORTED,NOT_SUPPORTED,NOT_SUPPORTED
SAKSBEHANDLER,WITH_MU,JOURNALFOERT,ROL_QUESTIONS,KABAL_MEDUNDERSKRIVER,NOT_SUPPORTED,NOT_SUPPORTED,UNSET,NOT_SUPPORTED,NOT_SUPPORTED,NOT_SUPPORTED
SAKSBEHANDLER,WITH_MU,JOURNALFOERT,ROL_QUESTIONS,NONE,UNSET,NOT_SUPPORTED,UNSET,NOT_SUPPORTED,NOT_SUPPORTED,NOT_SUPPORTED
SAKSBEHANDLER,WITH_MU,ROL_QUESTIONS,NONE,KABAL_SAKSBEHANDLING,NOT_SUPPORTED,UNSET,UNSET,NOT_SUPPORTED,UNSET,UNSET
SAKSBEHANDLER,WITH_MU,ROL_QUESTIONS,NONE,KABAL_ROL,NOT_SUPPORTED,UNSET,UNSET,NOT_SUPPORTED,UNSET,UNSET
SAKSBEHANDLER,WITH_MU,ROL_QUESTIONS,NONE,KABAL_MEDUNDERSKRIVER,NOT_SUPPORTED,UNSET,UNSET,NOT_SUPPORTED,UNSET,UNSET
SAKSBEHANDLER,WITH_MU,ROL_QUESTIONS,NONE,NONE,UNSET,UNSET,UNSET,NOT_SUPPORTED,UNSET,UNSET
SAKSBEHANDLER,WITH_MU,ROL_ANSWERS,ROL_QUESTIONS,KABAL_SAKSBEHANDLING,NOT_SUPPORTED,UNSET,UNSET,NOT_SUPPORTED,NOT_SUPPORTED,NOT_SUPPORTED
SAKSBEHANDLER,WITH_MU,ROL_ANSWERS,ROL_QUESTIONS,KABAL_ROL,NOT_SUPPORTED,UNSET,UNSET,NOT_SUPPORTED,NOT_SUPPORTED,NOT_SUPPORTED
SAKSBEHANDLER,WITH_MU,ROL_ANSWERS,ROL_QUESTIONS,KABAL_MEDUNDERSKRIVER,NOT_SUPPORTED,UNSET,UNSET,NOT_SUPPORTED,NOT_SUPPORTED,NOT_SUPPORTED
SAKSBEHANDLER,WITH_MU,ROL_ANSWERS,ROL_QUESTIONS,NONE,UNSET,UNSET,UNSET,NOT_SUPPORTED,NOT_SUPPORTED,NOT_SUPPORTED
SAKSBEHANDLER,WITH_ROL,SMART_DOCUMENT,NONE,KABAL_SAKSBEHANDLING,NOT_SUPPORTED,UNSET,UNSET,UNSET,UNSET,UNSET
SAKSBEHANDLER,WITH_ROL,SMART_DOCUMENT,NONE,KABAL_ROL,NOT_SUPPORTED,UNSET,UNSET,UNSET,UNSET,UNSET
SAKSBEHANDLER,WITH_ROL,SMART_DOCUMENT,NONE,KABAL_MEDUNDERSKRIVER,NOT_SUPPORTED,UNSET,UNSET,UNSET,UNSET,UNSET
SAKSBEHANDLER,WITH_ROL,SMART_DOCUMENT,NONE,NONE,UNSET,UNSET,UNSET,UNSET,UNSET,UNSET
SAKSBEHANDLER,WITH_ROL,UPLOADED,NONE,KABAL_SAKSBEHANDLING,NOT_SUPPORTED,NOT_SUPPORTED,UNSET,UNSET,UNSET,UNSET
SAKSBEHANDLER,WITH_ROL,UPLOADED,NONE,KABAL_ROL,NOT_SUPPORTED,NOT_SUPPORTED,UNSET,UNSET,UNSET,UNSET
SAKSBEHANDLER,WITH_ROL,UPLOADED,NONE,KABAL_MEDUNDERSKRIVER,NOT_SUPPORTED,NOT_SUPPORTED,UNSET,UNSET,UNSET,UNSET
SAKSBEHANDLER,WITH_ROL,UPLOADED,NONE,NONE,UNSET,NOT_SUPPORTED,UNSET,UNSET,UNSET,UNSET
SAKSBEHANDLER,WITH_ROL,UPLOADED,UPLOADED,KABAL_SAKSBEHANDLING,NOT_SUPPORTED,NOT_SUPPORTED,UNSET,NOT_SUPPORTED,UNSET,NOT_SUPPORTED
SAKSBEHANDLER,WITH_ROL,UPLOADED,UPLOADED,KABAL_ROL,NOT_SUPPORTED,NOT_SUPPORTED,UNSET,NOT_SUPPORTED,UNSET,NOT_SUPPORTED
SAKSBEHANDLER,WITH_ROL,UPLOADED,UPLOADED,KABAL_MEDUNDERSKRIVER,NOT_SUPPORTED,NOT_SUPPORTED,UNSET,NOT_SUPPORTED,UNSET,NOT_SUPPORTED
SAKSBEHANDLER,WITH_ROL,UPLOADED,UPLOADED,NONE,UNSET,NOT_SUPPORTED,UNSET,NOT_SUPPORTED,UNSET,NOT_SUPPORTED
SAKSBEHANDLER,WITH_ROL,JOURNALFOERT,SMART_DOCUMENT,KABAL_SAKSBEHANDLING,NOT_SUPPORTED,NOT_SUPPORTED,UNSET,NOT_SUPPORTED,NOT_SUPPORTED,NOT_SUPPORTED
SAKSBEHANDLER,WITH_ROL,JOURNALFOERT,SMART_DOCUMENT,KABAL_ROL,NOT_SUPPORTED,NOT_SUPPORTED,UNSET,NOT_SUPPORTED,NOT_SUPPORTED,NOT_SUPPORTED
SAKSBEHANDLER,WITH_ROL,JOURNALFOERT,SMART_DOCUMENT,KABAL_MEDUNDERSKRIVER,NOT_SUPPORTED,NOT_SUPPORTED,UNSET,NOT_SUPPORTED,NOT_SUPPORTED,NOT_SUPPORTED
SAKSBEHANDLER,WITH_ROL,JOURNALFOERT,SMART_DOCUMENT,NONE,UNSET,NOT_SUPPORTED,UNSET,NOT_SUPPORTED,NOT_SUPPORTED,NOT_SUPPORTED
SAKSBEHANDLER,WITH_ROL,JOURNALFOERT,ROL_QUESTIONS,KABAL_SAKSBEHANDLING,NOT_SUPPORTED,NOT_SUPPORTED,UNSET,NOT_SUPPORTED,NOT_SUPPORTED,NOT_SUPPORTED
SAKSBEHANDLER,WITH_ROL,JOURNALFOERT,ROL_QUESTIONS,KABAL_ROL,NOT_SUPPORTED,NOT_SUPPORTED,UNSET,NOT_SUPPORTED,NOT_SUPPORTED,NOT_SUPPORTED
SAKSBEHANDLER,WITH_ROL,JOURNALFOERT,ROL_QUESTIONS,KABAL_MEDUNDERSKRIVER,NOT_SUPPORTED,NOT_SUPPORTED,UNSET,NOT_SUPPORTED,NOT_SUPPORTED,NOT_SUPPORTED
SAKSBEHANDLER,WITH_ROL,JOURNALFOERT,ROL_QUESTIONS,NONE,UNSET,NOT_SUPPORTED,UNSET,NOT_SUPPORTED,NOT_SUPPORTED,NOT_SUPPORTED
SAKSBEHANDLER,WITH_ROL,ROL_QUESTIONS,NONE,KABAL_SAKSBEHANDLING,NOT_SUPPORTED,UNSET,UNSET,NOT_SUPPORTED,UNSET,UNSET
SAKSBEHANDLER,WITH_ROL,ROL_QUESTIONS,NONE,KABAL_ROL,NOT_SUPPORTED,UNSET,UNSET,NOT_SUPPORTED,UNSET,UNSET
SAKSBEHANDLER,WITH_ROL,ROL_QUESTIONS,NONE,KABAL_MEDUNDERSKRIVER,NOT_SUPPORTED,UNSET,UNSET,NOT_SUPPORTED,UNSET,UNSET
SAKSBEHANDLER,WITH_ROL,ROL_QUESTIONS,NONE,NONE,UNSET,UNSET,UNSET,NOT_SUPPORTED,UNSET,UNSET
SAKSBEHANDLER,WITH_ROL,ROL_ANSWERS,ROL_QUESTIONS,KABAL_SAKSBEHANDLING,NOT_SUPPORTED,UNSET,UNSET,NOT_SUPPORTED,NOT_SUPPORTED,NOT_SUPPORTED
SAKSBEHANDLER,WITH_ROL,ROL_ANSWERS,ROL_QUESTIONS,KABAL_ROL,NOT_SUPPORTED,UNSET,UNSET,NOT_SUPPORTED,NOT_SUPPORTED,NOT_SUPPORTED
SAKSBEHANDLER,WITH_ROL,ROL_ANSWERS,ROL_QUESTIONS,KABAL_MEDUNDERSKRIVER,NOT_SUPPORTED,UNSET,UNSET,NOT_SUPPORTED,NOT_SUPPORTED,NOT_SUPPORTED
SAKSBEHANDLER,WITH_ROL,ROL_ANSWERS,ROL_QUESTIONS,NONE,UNSET,UNSET,UNSET,NOT_SUPPORTED,NOT_SUPPORTED,NOT_SUPPORTED
SAKSBEHANDLER,RETURNED_FROM_ROL,SMART_DOCUMENT,NONE,KABAL_SAKSBEHANDLING,NOT_SUPPORTED,UNSET,UNSET,UNSET,UNSET,UNSET
SAKSBEHANDLER,RETURNED_FROM_ROL,SMART_DOCUMENT,NONE,KABAL_ROL,NOT_SUPPORTED,UNSET,UNSET,UNSET,UNSET,UNSET
SAKSBEHANDLER,RETURNED_FROM_ROL,SMART_DOCUMENT,NONE,KABAL_MEDUNDERSKRIVER,NOT_SUPPORTED,UNSET,UNSET,UNSET,UNSET,UNSET
SAKSBEHANDLER,RETURNED_FROM_ROL,SMART_DOCUMENT,NONE,NONE,UNSET,UNSET,UNSET,UNSET,UNSET,UNSET
SAKSBEHANDLER,RETURNED_FROM_ROL,UPLOADED,NONE,KABAL_SAKSBEHANDLING,NOT_SUPPORTED,NOT_SUPPORTED,UNSET,UNSET,UNSET,UNSET
SAKSBEHANDLER,RETURNED_FROM_ROL,UPLOADED,NONE,KABAL_ROL,NOT_SUPPORTED,NOT_SUPPORTED,UNSET,UNSET,UNSET,UNSET
SAKSBEHANDLER,RETURNED_FROM_ROL,UPLOADED,NONE,KABAL_MEDUNDERSKRIVER,NOT_SUPPORTED,NOT_SUPPORTED,UNSET,UNSET,UNSET,UNSET
SAKSBEHANDLER,RETURNED_FROM_ROL,UPLOADED,NONE,NONE,UNSET,NOT_SUPPORTED,UNSET,UNSET,UNSET,UNSET
SAKSBEHANDLER,RETURNED_FROM_ROL,UPLOADED,UPLOADED,KABAL_SAKSBEHANDLING,NOT_SUPPORTED,NOT_SUPPORTED,UNSET,NOT_SUPPORTED,UNSET,NOT_SUPPORTED
SAKSBEHANDLER,RETURNED_FROM_ROL,UPLOADED,UPLOADED,KABAL_ROL,NOT_SUPPORTED,NOT_SUPPORTED,UNSET,NOT_SUPPORTED,UNSET,NOT_SUPPORTED
SAKSBEHANDLER,RETURNED_FROM_ROL,UPLOADED,UPLOADED,KABAL_MEDUNDERSKRIVER,NOT_SUPPORTED,NOT_SUPPORTED,UNSET,NOT_SUPPORTED,UNSET,NOT_SUPPORTED
SAKSBEHANDLER,RETURNED_FROM_ROL,UPLOADED,UPLOADED,NONE,UNSET,NOT_SUPPORTED,UNSET,NOT_SUPPORTED,UNSET,NOT_SUPPORTED
SAKSBEHANDLER,RETURNED_FROM_ROL,JOURNALFOERT,SMART_DOCUMENT,KABAL_SAKSBEHANDLING,NOT_SUPPORTED,NOT_SUPPORTED,UNSET,NOT_SUPPORTED,NOT_SUPPORTED,NOT_SUPPORTED
SAKSBEHANDLER,RETURNED_FROM_ROL,JOURNALFOERT,SMART_DOCUMENT,KABAL_ROL,NOT_SUPPORTED,NOT_SUPPORTED,UNSET,NOT_SUPPORTED,NOT_SUPPORTED,NOT_SUPPORTED
SAKSBEHANDLER,RETURNED_FROM_ROL,JOURNALFOERT,SMART_DOCUMENT,KABAL_MEDUNDERSKRIVER,NOT_SUPPORTED,NOT_SUPPORTED,UNSET,NOT_SUPPORTED,NOT_SUPPORTED,NOT_SUPPORTED
SAKSBEHANDLER,RETURNED_FROM_ROL,JOURNALFOERT,SMART_DOCUMENT,NONE,UNSET,NOT_SUPPORTED,UNSET,NOT_SUPPORTED,NOT_SUPPORTED,NOT_SUPPORTED
SAKSBEHANDLER,RETURNED_FROM_ROL,JOURNALFOERT,ROL_QUESTIONS,KABAL_SAKSBEHANDLING,NOT_SUPPORTED,NOT_SUPPORTED,UNSET,NOT_SUPPORTED,NOT_SUPPORTED,NOT_SUPPORTED
SAKSBEHANDLER,RETURNED_FROM_ROL,JOURNALFOERT,ROL_QUESTIONS,KABAL_ROL,NOT_SUPPORTED,NOT_SUPPORTED,UNSET,NOT_SUPPORTED,NOT_SUPPORTED,NOT_SUPPORTED
SAKSBEHANDLER,RETURNED_FROM_ROL,JOURNALFOERT,ROL_QUESTIONS,KABAL_MEDUNDERSKRIVER,NOT_SUPPORTED,NOT_SUPPORTED,UNSET,NOT_SUPPORTED,NOT_SUPPORTED,NOT_SUPPORTED
SAKSBEHANDLER,RETURNED_FROM_ROL,JOURNALFOERT,ROL_QUESTIONS,NONE,UNSET,NOT_SUPPORTED,UNSET,NOT_SUPPORTED,NOT_SUPPORTED,NOT_SUPPORTED
SAKSBEHANDLER,RETURNED_FROM_ROL,ROL_QUESTIONS,NONE,KABAL_SAKSBEHANDLING,NOT_SUPPORTED,UNSET,UNSET,NOT_SUPPORTED,UNSET,UNSET
SAKSBEHANDLER,RETURNED_FROM_ROL,ROL_QUESTIONS,NONE,KABAL_ROL,NOT_SUPPORTED,UNSET,UNSET,NOT_SUPPORTED,UNSET,UNSET
SAKSBEHANDLER,RETURNED_FROM_ROL,ROL_QUESTIONS,NONE,KABAL_MEDUNDERSKRIVER,NOT_SUPPORTED,UNSET,UNSET,NOT_SUPPORTED,UNSET,UNSET
SAKSBEHANDLER,RETURNED_FROM_ROL,ROL_QUESTIONS,NONE,NONE,UNSET,UNSET,UNSET,NOT_SUPPORTED,UNSET,UNSET
SAKSBEHANDLER,RETURNED_FROM_ROL,ROL_ANSWERS,ROL_QUESTIONS,KABAL_SAKSBEHANDLING,NOT_SUPPORTED,UNSET,UNSET,NOT_SUPPORTED,NOT_SUPPORTED,NOT_SUPPORTED
SAKSBEHANDLER,RETURNED_FROM_ROL,ROL_ANSWERS,ROL_QUESTIONS,KABAL_ROL,NOT_SUPPORTED,UNSET,UNSET,NOT_SUPPORTED,NOT_SUPPORTED,NOT_SUPPORTED
SAKSBEHANDLER,RETURNED_FROM_ROL,ROL_ANSWERS,ROL_QUESTIONS,KABAL_MEDUNDERSKRIVER,NOT_SUPPORTED,UNSET,UNSET,NOT_SUPPORTED,NOT_SUPPORTED,NOT_SUPPORTED
SAKSBEHANDLER,RETURNED_FROM_ROL,ROL_ANSWERS,ROL_QUESTIONS,NONE,UNSET,UNSET,UNSET,NOT_SUPPORTED,NOT_SUPPORTED,NOT_SUPPORTED
SAKSBEHANDLER,FULLFOERT,SMART_DOCUMENT,NONE,KABAL_SAKSBEHANDLING,NOT_SUPPORTED,UNSET,UNSET,UNSET,UNSET,UNSET
SAKSBEHANDLER,FULLFOERT,SMART_DOCUMENT,NONE,KABAL_ROL,NOT_SUPPORTED,UNSET,UNSET,UNSET,UNSET,UNSET
SAKSBEHANDLER,FULLFOERT,SMART_DOCUMENT,NONE,KABAL_MEDUNDERSKRIVER,NOT_SUPPORTED,UNSET,UNSET,UNSET,UNSET,UNSET
SAKSBEHANDLER,FULLFOERT,SMART_DOCUMENT,NONE,NONE,UNSET,UNSET,UNSET,UNSET,UNSET,UNSET
SAKSBEHANDLER,FULLFOERT,UPLOADED,NONE,KABAL_SAKSBEHANDLING,NOT_SUPPORTED,NOT_SUPPORTED,UNSET,UNSET,UNSET,UNSET
SAKSBEHANDLER,FULLFOERT,UPLOADED,NONE,KABAL_ROL,NOT_SUPPORTED,NOT_SUPPORTED,UNSET,UNSET,UNSET,UNSET
SAKSBEHANDLER,FULLFOERT,UPLOADED,NONE,KABAL_MEDUNDERSKRIVER,NOT_SUPPORTED,NOT_SUPPORTED,UNSET,UNSET,UNSET,UNSET
SAKSBEHANDLER,FULLFOERT,UPLOADED,NONE,NONE,UNSET,NOT_SUPPORTED,UNSET,UNSET,UNSET,UNSET
SAKSBEHANDLER,FULLFOERT,UPLOADED,UPLOADED,KABAL_SAKSBEHANDLING,NOT_SUPPORTED,NOT_SUPPORTED,UNSET,NOT_SUPPORTED,UNSET,NOT_SUPPORTED
SAKSBEHANDLER,FULLFOERT,UPLOADED,UPLOADED,KABAL_ROL,NOT_SUPPORTED,NOT_SUPPORTED,UNSET,NOT_SUPPORTED,UNSET,NOT_SUPPORTED
SAKSBEHANDLER,FULLFOERT,UPLOADED,UPLOADED,KABAL_MEDUNDERSKRIVER,NOT_SUPPORTED,NOT_SUPPORTED,UNSET,NOT_SUPPORTED,UNSET,NOT_SUPPORTED
SAKSBEHANDLER,FULLFOERT,UPLOADED,UPLOADED,NONE,UNSET,NOT_SUPPORTED,UNSET,NOT_SUPPORTED,UNSET,NOT_SUPPORTED
SAKSBEHANDLER,FULLFOERT,JOURNALFOERT,SMART_DOCUMENT,KABAL_SAKSBEHANDLING,NOT_SUPPORTED,NOT_SUPPORTED,UNSET,NOT_SUPPORTED,NOT_SUPPORTED,NOT_SUPPORTED
SAKSBEHANDLER,FULLFOERT,JOURNALFOERT,SMART_DOCUMENT,KABAL_ROL,NOT_SUPPORTED,NOT_SUPPORTED,UNSET,NOT_SUPPORTED,NOT_SUPPORTED,NOT_SUPPORTED
SAKSBEHANDLER,FULLFOERT,JOURNALFOERT,SMART_DOCUMENT,KABAL_MEDUNDERSKRIVER,NOT_SUPPORTED,NOT_SUPPORTED,UNSET,NOT_SUPPORTED,NOT_SUPPORTED,NOT_SUPPORTED
SAKSBEHANDLER,FULLFOERT,JOURNALFOERT,SMART_DOCUMENT,NONE,UNSET,NOT_SUPPORTED,UNSET,NOT_SUPPORTED,NOT_SUPPORTED,NOT_SUPPORTED
SAKSBEHANDLER,FULLFOERT,JOURNALFOERT,ROL_QUESTIONS,KABAL_SAKSBEHANDLING,NOT_SUPPORTED,NOT_SUPPORTED,UNSET,NOT_SUPPORTED,NOT_SUPPORTED,NOT_SUPPORTED
SAKSBEHANDLER,FULLFOERT,JOURNALFOERT,ROL_QUESTIONS,KABAL_ROL,NOT_SUPPORTED,NOT_SUPPORTED,UNSET,NOT_SUPPORTED,NOT_SUPPORTED,NOT_SUPPORTED
SAKSBEHANDLER,FULLFOERT,JOURNALFOERT,ROL_QUESTIONS,KABAL_MEDUNDERSKRIVER,NOT_SUPPORTED,NOT_SUPPORTED,UNSET,NOT_SUPPORTED,NOT_SUPPORTED,NOT_SUPPORTED
SAKSBEHANDLER,FULLFOERT,JOURNALFOERT,ROL_QUESTIONS,NONE,UNSET,NOT_SUPPORTED,UNSET,NOT_SUPPORTED,NOT_SUPPORTED,NOT_SUPPORTED
SAKSBEHANDLER,FULLFOERT,ROL_QUESTIONS,NONE,KABAL_SAKSBEHANDLING,NOT_SUPPORTED,UNSET,UNSET,NOT_SUPPORTED,UNSET,UNSET
SAKSBEHANDLER,FULLFOERT,ROL_QUESTIONS,NONE,KABAL_ROL,NOT_SUPPORTED,UNSET,UNSET,NOT_SUPPORTED,UNSET,UNSET
SAKSBEHANDLER,FULLFOERT,ROL_QUESTIONS,NONE,KABAL_MEDUNDERSKRIVER,NOT_SUPPORTED,UNSET,UNSET,NOT_SUPPORTED,UNSET,UNSET
SAKSBEHANDLER,FULLFOERT,ROL_QUESTIONS,NONE,NONE,UNSET,UNSET,UNSET,NOT_SUPPORTED,UNSET,UNSET
SAKSBEHANDLER,FULLFOERT,ROL_ANSWERS,ROL_QUESTIONS,KABAL_SAKSBEHANDLING,NOT_SUPPORTED,UNSET,UNSET,NOT_SUPPORTED,NOT_SUPPORTED,NOT_SUPPORTED
SAKSBEHANDLER,FULLFOERT,ROL_ANSWERS,ROL_QUESTIONS,KABAL_ROL,NOT_SUPPORTED,UNSET,UNSET,NOT_SUPPORTED,NOT_SUPPORTED,NOT_SUPPORTED
SAKSBEHANDLER,FULLFOERT,ROL_ANSWERS,ROL_QUESTIONS,KABAL_MEDUNDERSKRIVER,NOT_SUPPORTED,UNSET,UNSET,NOT_SUPPORTED,NOT_SUPPORTED,NOT_SUPPORTED
SAKSBEHANDLER,FULLFOERT,ROL_ANSWERS,ROL_QUESTIONS,NONE,UNSET,UNSET,UNSET,NOT_SUPPORTED,NOT_SUPPORTED,NOT_SUPPORTED
TILDELT_SAKSBEHANDLER,WITH_SAKSBEHANDLER,SMART_DOCUMENT,NONE,KABAL_SAKSBEHANDLING,UNSET,UNSET,UNSET,UNSET,UNSET,UNSET
TILDELT_SAKSBEHANDLER,WITH_SAKSBEHANDLER,SMART_DOCUMENT,NONE,KABAL_ROL,NOT_SUPPORTED,UNSET,UNSET,UNSET,UNSET,UNSET
TILDELT_SAKSBEHANDLER,WITH_SAKSBEHANDLER,SMART_DOCUMENT,NONE,KABAL_MEDUNDERSKRIVER,NOT_SUPPORTED,UNSET,UNSET,UNSET,UNSET,UNSET
TILDELT_SAKSBEHANDLER,WITH_SAKSBEHANDLER,SMART_DOCUMENT,NONE,NONE,NOT_SUPPORTED,UNSET,UNSET,UNSET,UNSET,UNSET
TILDELT_SAKSBEHANDLER,WITH_SAKSBEHANDLER,UPLOADED,NONE,KABAL_SAKSBEHANDLING,UNSET,NOT_SUPPORTED,UNSET,UNSET,UNSET,UNSET
TILDELT_SAKSBEHANDLER,WITH_SAKSBEHANDLER,UPLOADED,NONE,KABAL_ROL,NOT_SUPPORTED,NOT_SUPPORTED,UNSET,UNSET,UNSET,UNSET
TILDELT_SAKSBEHANDLER,WITH_SAKSBEHANDLER,UPLOADED,NONE,KABAL_MEDUNDERSKRIVER,NOT_SUPPORTED,NOT_SUPPORTED,UNSET,UNSET,UNSET,UNSET
TILDELT_SAKSBEHANDLER,WITH_SAKSBEHANDLER,UPLOADED,NONE,NONE,NOT_SUPPORTED,NOT_SUPPORTED,UNSET,UNSET,UNSET,UNSET
TILDELT_SAKSBEHANDLER,WITH_SAKSBEHANDLER,UPLOADED,UPLOADED,KABAL_SAKSBEHANDLING,UNSET,NOT_SUPPORTED,UNSET,NOT_SUPPORTED,UNSET,NOT_SUPPORTED
TILDELT_SAKSBEHANDLER,WITH_SAKSBEHANDLER,UPLOADED,UPLOADED,KABAL_ROL,NOT_SUPPORTED,NOT_SUPPORTED,UNSET,NOT_SUPPORTED,UNSET,NOT_SUPPORTED
TILDELT_SAKSBEHANDLER,WITH_SAKSBEHANDLER,UPLOADED,UPLOADED,KABAL_MEDUNDERSKRIVER,NOT_SUPPORTED,NOT_SUPPORTED,UNSET,NOT_SUPPORTED,UNSET,NOT_SUPPORTED
TILDELT_SAKSBEHANDLER,WITH_SAKSBEHANDLER,UPLOADED,UPLOADED,NONE,NOT_SUPPORTED,NOT_SUPPORTED,UNSET,NOT_SUPPORTED,UNSET,NOT_SUPPORTED
TILDELT_SAKSBEHANDLER,WITH_SAKSBEHANDLER,JOURNALFOERT,SMART_DOCUMENT,KABAL_SAKSBEHANDLING,UNSET,NOT_SUPPORTED,UNSET,NOT_SUPPORTED,NOT_SUPPORTED,NOT_SUPPORTED
TILDELT_SAKSBEHANDLER,WITH_SAKSBEHANDLER,JOURNALFOERT,SMART_DOCUMENT,KABAL_ROL,NOT_SUPPORTED,NOT_SUPPORTED,UNSET,NOT_SUPPORTED,NOT_SUPPORTED,NOT_SUPPORTED
TILDELT_SAKSBEHANDLER,WITH_SAKSBEHANDLER,JOURNALFOERT,SMART_DOCUMENT,KABAL_MEDUNDERSKRIVER,NOT_SUPPORTED,NOT_SUPPORTED,UNSET,NOT_SUPPORTED,NOT_SUPPORTED,NOT_SUPPORTED
TILDELT_SAKSBEHANDLER,WITH_SAKSBEHANDLER,JOURNALFOERT,SMART_DOCUMENT,NONE,NOT_SUPPORTED,NOT_SUPPORTED,UNSET,NOT_SUPPORTED,NOT_SUPPORTED,NOT_SUPPORTED
TILDELT_SAKSBEHANDLER,WITH_SAKSBEHANDLER,JOURNALFOERT,ROL_QUESTIONS,KABAL_SAKSBEHANDLING,UNSET,NOT_SUPPORTED,UNSET,NOT_SUPPORTED,NOT_SUPPORTED,NOT_SUPPORTED
TILDELT_SAKSBEHANDLER,WITH_SAKSBEHANDLER,JOURNALFOERT,ROL_QUESTIONS,KABAL_ROL,NOT_SUPPORTED,NOT_SUPPORTED,UNSET,NOT_SUPPORTED,NOT_SUPPORTED,NOT_SUPPORTED
TILDELT_SAKSBEHANDLER,WITH_SAKSBEHANDLER,JOURNALFOERT,ROL_QUESTIONS,KABAL_MEDUNDERSKRIVER,NOT_SUPPORTED,NOT_SUPPORTED,UNSET,NOT_SUPPORTED,NOT_SUPPORTED,NOT_SUPPORTED
TILDELT_SAKSBEHANDLER,WITH_SAKSBEHANDLER,JOURNALFOERT,ROL_QUESTIONS,NONE,NOT_SUPPORTED,NOT_SUPPORTED,UNSET,NOT_SUPPORTED,NOT_SUPPORTED,NOT_SUPPORTED
TILDELT_SAKSBEHANDLER,WITH_SAKSBEHANDLER,ROL_QUESTIONS,NONE,KABAL_SAKSBEHANDLING,UNSET,UNSET,UNSET,NOT_SUPPORTED,UNSET,UNSET
TILDELT_SAKSBEHANDLER,WITH_SAKSBEHANDLER,ROL_QUESTIONS,NONE,KABAL_ROL,NOT_SUPPORTED,UNSET,UNSET,NOT_SUPPORTED,UNSET,UNSET
TILDELT_SAKSBEHANDLER,WITH_SAKSBEHANDLER,ROL_QUESTIONS,NONE,KABAL_MEDUNDERSKRIVER,NOT_SUPPORTED,UNSET,UNSET,NOT_SUPPORTED,UNSET,UNSET
TILDELT_SAKSBEHANDLER,WITH_SAKSBEHANDLER,ROL_QUESTIONS,NONE,NONE,NOT_SUPPORTED,UNSET,UNSET,NOT_SUPPORTED,UNSET,UNSET
TILDELT_SAKSBEHANDLER,WITH_SAKSBEHANDLER,ROL_ANSWERS,ROL_QUESTIONS,KABAL_SAKSBEHANDLING,UNSET,UNSET,UNSET,NOT_SUPPORTED,NOT_SUPPORTED,NOT_SUPPORTED
TILDELT_SAKSBEHANDLER,WITH_SAKSBEHANDLER,ROL_ANSWERS,ROL_QUESTIONS,KABAL_ROL,NOT_SUPPORTED,UNSET,UNSET,NOT_SUPPORTED,NOT_SUPPORTED,NOT_SUPPORTED
TILDELT_SAKSBEHANDLER,WITH_SAKSBEHANDLER,ROL_ANSWERS,ROL_QUESTIONS,KABAL_MEDUNDERSKRIVER,NOT_SUPPORTED,UNSET,UNSET,NOT_SUPPORTED,NOT_SUPPORTED,NOT_SUPPORTED
TILDELT_SAKSBEHANDLER,WITH_SAKSBEHANDLER,ROL_ANSWERS,ROL_QUESTIONS,NONE,NOT_SUPPORTED,UNSET,UNSET,NOT_SUPPORTED,NOT_SUPPORTED,NOT_SUPPORTED
TILDELT_SAKSBEHANDLER,WITH_MU,SMART_DOCUMENT,NONE,KABAL_SAKSBEHANDLING,UNSET,UNSET,UNSET,UNSET,UNSET,UNSET
TILDELT_SAKSBEHANDLER,WITH_MU,SMART_DOCUMENT,NONE,KABAL_ROL,NOT_SUPPORTED,UNSET,UNSET,UNSET,UNSET,UNSET
TILDELT_SAKSBEHANDLER,WITH_MU,SMART_DOCUMENT,NONE,KABAL_MEDUNDERSKRIVER,NOT_SUPPORTED,UNSET,UNSET,UNSET,UNSET,UNSET
TILDELT_SAKSBEHANDLER,WITH_MU,SMART_DOCUMENT,NONE,NONE,NOT_SUPPORTED,UNSET,UNSET,UNSET,UNSET,UNSET
TILDELT_SAKSBEHANDLER,WITH_MU,UPLOADED,NONE,KABAL_SAKSBEHANDLING,UNSET,NOT_SUPPORTED,UNSET,UNSET,UNSET,UNSET
TILDELT_SAKSBEHANDLER,WITH_MU,UPLOADED,NONE,KABAL_ROL,NOT_SUPPORTED,NOT_SUPPORTED,UNSET,UNSET,UNSET,UNSET
TILDELT_SAKSBEHANDLER,WITH_MU,UPLOADED,NONE,KABAL_MEDUNDERSKRIVER,NOT_SUPPORTED,NOT_SUPPORTED,UNSET,UNSET,UNSET,UNSET
TILDELT_SAKSBEHANDLER,WITH_MU,UPLOADED,NONE,NONE,NOT_SUPPORTED,NOT_SUPPORTED,UNSET,UNSET,UNSET,UNSET
TILDELT_SAKSBEHANDLER,WITH_MU,UPLOADED,UPLOADED,KABAL_SAKSBEHANDLING,UNSET,NOT_SUPPORTED,UNSET,NOT_SUPPORTED,UNSET,NOT_SUPPORTED
TILDELT_SAKSBEHANDLER,WITH_MU,UPLOADED,UPLOADED,KABAL_ROL,NOT_SUPPORTED,NOT_SUPPORTED,UNSET,NOT_SUPPORTED,UNSET,NOT_SUPPORTED
TILDELT_SAKSBEHANDLER,WITH_MU,UPLOADED,UPLOADED,KABAL_MEDUNDERSKRIVER,NOT_SUPPORTED,NOT_SUPPORTED,UNSET,NOT_SUPPORTED,UNSET,NOT_SUPPORTED
TILDELT_SAKSBEHANDLER,WITH_MU,UPLOADED,UPLOADED,NONE,NOT_SUPPORTED,NOT_SUPPORTED,UNSET,NOT_SUPPORTED,UNSET,NOT_SUPPORTED
TILDELT_SAKSBEHANDLER,WITH_MU,JOURNALFOERT,SMART_DOCUMENT,KABAL_SAKSBEHANDLING,UNSET,NOT_SUPPORTED,UNSET,NOT_SUPPORTED,NOT_SUPPORTED,NOT_SUPPORTED
TILDELT_SAKSBEHANDLER,WITH_MU,JOURNALFOERT,SMART_DOCUMENT,KABAL_ROL,NOT_SUPPORTED,NOT_SUPPORTED,UNSET,NOT_SUPPORTED,NOT_SUPPORTED,NOT_SUPPORTED
TILDELT_SAKSBEHANDLER,WITH_MU,JOURNALFOERT,SMART_DOCUMENT,KABAL_MEDUNDERSKRIVER,NOT_SUPPORTED,NOT_SUPPORTED,UNSET,NOT_SUPPORTED,NOT_SUPPORTED,NOT_SUPPORTED
TILDELT_SAKSBEHANDLER,WITH_MU,JOURNALFOERT,SMART_DOCUMENT,NONE,NOT_SUPPORTED,NOT_SUPPORTED,UNSET,NOT_SUPPORTED,NOT_SUPPORTED,NOT_SUPPORTED
TILDELT_SAKSBEHANDLER,WITH_MU,JOURNALFOERT,ROL_QUESTIONS,KABAL_SAKSBEHANDLING,UNSET,NOT_SUPPORTED,UNSET,NOT_SUPPORTED,NOT_SUPPORTED,NOT_SUPPORTED
TILDELT_SAKSBEHANDLER,WITH_MU,JOURNALFOERT,ROL_QUESTIONS,KABAL_ROL,NOT_SUPPORTED,NOT_SUPPORTED,UNSET,NOT_SUPPORTED,NOT_SUPPORTED,NOT_SUPPORTED
TILDELT_SAKSBEHANDLER,WITH_MU,JOURNALFOERT,ROL_QUESTIONS,KABAL_MEDUNDERSKRIVER,NOT_SUPPORTED,NOT_SUPPORTED,UNSET,NOT_SUPPORTED,NOT_SUPPORTED,NOT_SUPPORTED
TILDELT_SAKSBEHANDLER,WITH_MU,JOURNALFOERT,ROL_QUESTIONS,NONE,NOT_SUPPORTED,NOT_SUPPORTED,UNSET,NOT_SUPPORTED,NOT_SUPPORTED,NOT_SUPPORTED
TILDELT_SAKSBEHANDLER,WITH_MU,ROL_QUESTIONS,NONE,KABAL_SAKSBEHANDLING,UNSET,UNSET,UNSET,NOT_SUPPORTED,UNSET,UNSET
TILDELT_SAKSBEHANDLER,WITH_MU,ROL_QUESTIONS,NONE,KABAL_ROL,NOT_SUPPORTED,UNSET,UNSET,NOT_SUPPORTED,UNSET,UNSET
TILDELT_SAKSBEHANDLER,WITH_MU,ROL_QUESTIONS,NONE,KABAL_MEDUNDERSKRIVER,NOT_SUPPORTED,UNSET,UNSET,NOT_SUPPORTED,UNSET,UNSET
TILDELT_SAKSBEHANDLER,WITH_MU,ROL_QUESTIONS,NONE,NONE,NOT_SUPPORTED,UNSET,UNSET,NOT_SUPPORTED,UNSET,UNSET
TILDELT_SAKSBEHANDLER,WITH_MU,ROL_ANSWERS,ROL_QUESTIONS,KABAL_SAKSBEHANDLING,UNSET,UNSET,UNSET,NOT_SUPPORTED,NOT_SUPPORTED,NOT_SUPPORTED
TILDELT_SAKSBEHANDLER,WITH_MU,ROL_ANSWERS,ROL_QUESTIONS,KABAL_ROL,NOT_SUPPORTED,UNSET,UNSET,NOT_SUPPORTED,NOT_SUPPORTED,NOT_SUPPORTED
TILDELT_SAKSBEHANDLER,WITH_MU,ROL_ANSWERS,ROL_QUESTIONS,KABAL_MEDUNDERSKRIVER,NOT_SUPPORTED,UNSET,UNSET,NOT_SUPPORTED,NOT_SUPPORTED,NOT_SUPPORTED
TILDELT_SAKSBEHANDLER,WITH_MU,ROL_ANSWERS,ROL_QUESTIONS,NONE,NOT_SUPPORTED,UNSET,UNSET,NOT_SUPPORTED,NOT_SUPPORTED,NOT_SUPPORTED
TILDELT_SAKSBEHANDLER,WITH_ROL,SMART_DOCUMENT,NONE,KABAL_SAKSBEHANDLING,UNSET,UNSET,UNSET,UNSET,UNSET,UNSET
TILDELT_SAKSBEHANDLER,WITH_ROL,SMART_DOCUMENT,NONE,KABAL_ROL,NOT_SUPPORTED,UNSET,UNSET,UNSET,UNSET,UNSET
TILDELT_SAKSBEHANDLER,WITH_ROL,SMART_DOCUMENT,NONE,KABAL_MEDUNDERSKRIVER,NOT_SUPPORTED,UNSET,UNSET,UNSET,UNSET,UNSET
TILDELT_SAKSBEHANDLER,WITH_ROL,SMART_DOCUMENT,NONE,NONE,NOT_SUPPORTED,UNSET,UNSET,UNSET,UNSET,UNSET
TILDELT_SAKSBEHANDLER,WITH_ROL,UPLOADED,NONE,KABAL_SAKSBEHANDLING,UNSET,NOT_SUPPORTED,UNSET,UNSET,UNSET,UNSET
TILDELT_SAKSBEHANDLER,WITH_ROL,UPLOADED,NONE,KABAL_ROL,NOT_SUPPORTED,NOT_SUPPORTED,UNSET,UNSET,UNSET,UNSET
TILDELT_SAKSBEHANDLER,WITH_ROL,UPLOADED,NONE,KABAL_MEDUNDERSKRIVER,NOT_SUPPORTED,NOT_SUPPORTED,UNSET,UNSET,UNSET,UNSET
TILDELT_SAKSBEHANDLER,WITH_ROL,UPLOADED,NONE,NONE,NOT_SUPPORTED,NOT_SUPPORTED,UNSET,UNSET,UNSET,UNSET
TILDELT_SAKSBEHANDLER,WITH_ROL,UPLOADED,UPLOADED,KABAL_SAKSBEHANDLING,UNSET,NOT_SUPPORTED,UNSET,NOT_SUPPORTED,UNSET,NOT_SUPPORTED
TILDELT_SAKSBEHANDLER,WITH_ROL,UPLOADED,UPLOADED,KABAL_ROL,NOT_SUPPORTED,NOT_SUPPORTED,UNSET,NOT_SUPPORTED,UNSET,NOT_SUPPORTED
TILDELT_SAKSBEHANDLER,WITH_ROL,UPLOADED,UPLOADED,KABAL_MEDUNDERSKRIVER,NOT_SUPPORTED,NOT_SUPPORTED,UNSET,NOT_SUPPORTED,UNSET,NOT_SUPPORTED
TILDELT_SAKSBEHANDLER,WITH_ROL,UPLOADED,UPLOADED,NONE,NOT_SUPPORTED,NOT_SUPPORTED,UNSET,NOT_SUPPORTED,UNSET,NOT_SUPPORTED
TILDELT_SAKSBEHANDLER,WITH_ROL,JOURNALFOERT,SMART_DOCUMENT,KABAL_SAKSBEHANDLING,UNSET,NOT_SUPPORTED,UNSET,NOT_SUPPORTED,NOT_SUPPORTED,NOT_SUPPORTED
TILDELT_SAKSBEHANDLER,WITH_ROL,JOURNALFOERT,SMART_DOCUMENT,KABAL_ROL,NOT_SUPPORTED,NOT_SUPPORTED,UNSET,NOT_SUPPORTED,NOT_SUPPORTED,NOT_SUPPORTED
TILDELT_SAKSBEHANDLER,WITH_ROL,JOURNALFOERT,SMART_DOCUMENT,KABAL_MEDUNDERSKRIVER,NOT_SUPPORTED,NOT_SUPPORTED,UNSET,NOT_SUPPORTED,NOT_SUPPORTED,NOT_SUPPORTED
TILDELT_SAKSBEHANDLER,WITH_ROL,JOURNALFOERT,SMART_DOCUMENT,NONE,NOT_SUPPORTED,NOT_SUPPORTED,UNSET,NOT_SUPPORTED,NOT_SUPPORTED,NOT_SUPPORTED
TILDELT_SAKSBEHANDLER,WITH_ROL,JOURNALFOERT,ROL_QUESTIONS,KABAL_SAKSBEHANDLING,UNSET,NOT_SUPPORTED,UNSET,NOT_SUPPORTED,NOT_SUPPORTED,NOT_SUPPORTED
TILDELT_SAKSBEHANDLER,WITH_ROL,JOURNALFOERT,ROL_QUESTIONS,KABAL_ROL,NOT_SUPPORTED,NOT_SUPPORTED,UNSET,NOT_SUPPORTED,NOT_SUPPORTED,NOT_SUPPORTED
TILDELT_SAKSBEHANDLER,WITH_ROL,JOURNALFOERT,ROL_QUESTIONS,KABAL_MEDUNDERSKRIVER,NOT_SUPPORTED,NOT_SUPPORTED,UNSET,NOT_SUPPORTED,NOT_SUPPORTED,NOT_SUPPORTED
TILDELT_SAKSBEHANDLER,WITH_ROL,JOURNALFOERT,ROL_QUESTIONS,NONE,NOT_SUPPORTED,NOT_SUPPORTED,UNSET,NOT_SUPPORTED,NOT_SUPPORTED,NOT_SUPPORTED
TILDELT_SAKSBEHANDLER,WITH_ROL,ROL_QUESTIONS,NONE,KABAL_SAKSBEHANDLING,UNSET,UNSET,UNSET,NOT_SUPPORTED,UNSET,UNSET
TILDELT_SAKSBEHANDLER,WITH_ROL,ROL_QUESTIONS,NONE,KABAL_ROL,NOT_SUPPORTED,UNSET,UNSET,NOT_SUPPORTED,UNSET,UNSET
TILDELT_SAKSBEHANDLER,WITH_ROL,ROL_QUESTIONS,NONE,KABAL_MEDUNDERSKRIVER,NOT_SUPPORTED,UNSET,UNSET,NOT_SUPPORTED,UNSET,UNSET
TILDELT_SAKSBEHANDLER,WITH_ROL,ROL_QUESTIONS,NONE,NONE,NOT_SUPPORTED,UNSET,UNSET,NOT_SUPPORTED,UNSET,UNSET
TILDELT_SAKSBEHANDLER,WITH_ROL,ROL_ANSWERS,ROL_QUESTIONS,KABAL_SAKSBEHANDLING,UNSET,UNSET,UNSET,NOT_SUPPORTED,NOT_SUPPORTED,NOT_SUPPORTED
TILDELT_SAKSBEHANDLER,WITH_ROL,ROL_ANSWERS,ROL_QUESTIONS,KABAL_ROL,NOT_SUPPORTED,UNSET,UNSET,NOT_SUPPORTED,NOT_SUPPORTED,NOT_SUPPORTED
TILDELT_SAKSBEHANDLER,WITH_ROL,ROL_ANSWERS,ROL_QUESTIONS,KABAL_MEDUNDERSKRIVER,NOT_SUPPORTED,UNSET,UNSET,NOT_SUPPORTED,NOT_SUPPORTED,NOT_SUPPORTED
TILDELT_SAKSBEHANDLER,WITH_ROL,ROL_ANSWERS,ROL_QUESTIONS,NONE,NOT_SUPPORTED,UNSET,UNSET,NOT_SUPPORTED,NOT_SUPPORTED,NOT_SUPPORTED
TILDELT_SAKSBEHANDLER,RETURNED_FROM_ROL,SMART_DOCUMENT,NONE,KABAL_SAKSBEHANDLING,UNSET,UNSET,UNSET,UNSET,UNSET,UNSET
TILDELT_SAKSBEHANDLER,RETURNED_FROM_ROL,SMART_DOCUMENT,NONE,KABAL_ROL,NOT_SUPPORTED,UNSET,UNSET,UNSET,UNSET,UNSET
TILDELT_SAKSBEHANDLER,RETURNED_FROM_ROL,SMART_DOCUMENT,NONE,KABAL_MEDUNDERSKRIVER,NOT_SUPPORTED,UNSET,UNSET,UNSET,UNSET,UNSET
TILDELT_SAKSBEHANDLER,RETURNED_FROM_ROL,SMART_DOCUMENT,NONE,NONE,NOT_SUPPORTED,UNSET,UNSET,UNSET,UNSET,UNSET
TILDELT_SAKSBEHANDLER,RETURNED_FROM_ROL,UPLOADED,NONE,KABAL_SAKSBEHANDLING,UNSET,NOT_SUPPORTED,UNSET,UNSET,UNSET,UNSET
TILDELT_SAKSBEHANDLER,RETURNED_FROM_ROL,UPLOADED,NONE,KABAL_ROL,NOT_SUPPORTED,NOT_SUPPORTED,UNSET,UNSET,UNSET,UNSET
TILDELT_SAKSBEHANDLER,RETURNED_FROM_ROL,UPLOADED,NONE,KABAL_MEDUNDERSKRIVER,NOT_SUPPORTED,NOT_SUPPORTED,UNSET,UNSET,UNSET,UNSET
TILDELT_SAKSBEHANDLER,RETURNED_FROM_ROL,UPLOADED,NONE,NONE,NOT_SUPPORTED,NOT_SUPPORTED,UNSET,UNSET,UNSET,UNSET
TILDELT_SAKSBEHANDLER,RETURNED_FROM_ROL,UPLOADED,UPLOADED,KABAL_SAKSBEHANDLING,UNSET,NOT_SUPPORTED,UNSET,NOT_SUPPORTED,UNSET,NOT_SUPPORTED
TILDELT_SAKSBEHANDLER,RETURNED_FROM_ROL,UPLOADED,UPLOADED,KABAL_ROL,NOT_SUPPORTED,NOT_SUPPORTED,UNSET,NOT_SUPPORTED,UNSET,NOT_SUPPORTED
TILDELT_SAKSBEHANDLER,RETURNED_FROM_ROL,UPLOADED,UPLOADED,KABAL_MEDUNDERSKRIVER,NOT_SUPPORTED,NOT_SUPPORTED,UNSET,NOT_SUPPORTED,UNSET,NOT_SUPPORTED
TILDELT_SAKSBEHANDLER,RETURNED_FROM_ROL,UPLOADED,UPLOADED,NONE,NOT_SUPPORTED,NOT_SUPPORTED,UNSET,NOT_SUPPORTED,UNSET,NOT_SUPPORTED
TILDELT_SAKSBEHANDLER,RETURNED_FROM_ROL,JOURNALFOERT,SMART_DOCUMENT,KABAL_SAKSBEHANDLING,UNSET,NOT_SUPPORTED,UNSET,NOT_SUPPORTED,NOT_SUPPORTED,NOT_SUPPORTED
TILDELT_SAKSBEHANDLER,RETURNED_FROM_ROL,JOURNALFOERT,SMART_DOCUMENT,KABAL_ROL,NOT_SUPPORTED,NOT_SUPPORTED,UNSET,NOT_SUPPORTED,NOT_SUPPORTED,NOT_SUPPORTED
TILDELT_SAKSBEHANDLER,RETURNED_FROM_ROL,JOURNALFOERT,SMART_DOCUMENT,KABAL_MEDUNDERSKRIVER,NOT_SUPPORTED,NOT_SUPPORTED,UNSET,NOT_SUPPORTED,NOT_SUPPORTED,NOT_SUPPORTED
TILDELT_SAKSBEHANDLER,RETURNED_FROM_ROL,JOURNALFOERT,SMART_DOCUMENT,NONE,NOT_SUPPORTED,NOT_SUPPORTED,UNSET,NOT_SUPPORTED,NOT_SUPPORTED,NOT_SUPPORTED
TILDELT_SAKSBEHANDLER,RETURNED_FROM_ROL,JOURNALFOERT,ROL_QUESTIONS,KABAL_SAKSBEHANDLING,UNSET,NOT_SUPPORTED,UNSET,NOT_SUPPORTED,NOT_SUPPORTED,NOT_SUPPORTED
TILDELT_SAKSBEHANDLER,RETURNED_FROM_ROL,JOURNALFOERT,ROL_QUESTIONS,KABAL_ROL,NOT_SUPPORTED,NOT_SUPPORTED,UNSET,NOT_SUPPORTED,NOT_SUPPORTED,NOT_SUPPORTED
TILDELT_SAKSBEHANDLER,RETURNED_FROM_ROL,JOURNALFOERT,ROL_QUESTIONS,KABAL_MEDUNDERSKRIVER,NOT_SUPPORTED,NOT_SUPPORTED,UNSET,NOT_SUPPORTED,NOT_SUPPORTED,NOT_SUPPORTED
TILDELT_SAKSBEHANDLER,RETURNED_FROM_ROL,JOURNALFOERT,ROL_QUESTIONS,NONE,NOT_SUPPORTED,NOT_SUPPORTED,UNSET,NOT_SUPPORTED,NOT_SUPPORTED,NOT_SUPPORTED
TILDELT_SAKSBEHANDLER,RETURNED_FROM_ROL,ROL_QUESTIONS,NONE,KABAL_SAKSBEHANDLING,UNSET,UNSET,UNSET,NOT_SUPPORTED,UNSET,UNSET
TILDELT_SAKSBEHANDLER,RETURNED_FROM_ROL,ROL_QUESTIONS,NONE,KABAL_ROL,NOT_SUPPORTED,UNSET,UNSET,NOT_SUPPORTED,UNSET,UNSET
TILDELT_SAKSBEHANDLER,RETURNED_FROM_ROL,ROL_QUESTIONS,NONE,KABAL_MEDUNDERSKRIVER,NOT_SUPPORTED,UNSET,UNSET,NOT_SUPPORTED,UNSET,UNSET
TILDELT_SAKSBEHANDLER,RETURNED_FROM_ROL,ROL_QUESTIONS,NONE,NONE,NOT_SUPPORTED,UNSET,UNSET,NOT_SUPPORTED,UNSET,UNSET
TILDELT_SAKSBEHANDLER,RETURNED_FROM_ROL,ROL_ANSWERS,ROL_QUESTIONS,KABAL_SAKSBEHANDLING,UNSET,UNSET,UNSET,NOT_SUPPORTED,NOT_SUPPORTED,NOT_SUPPORTED
TILDELT_SAKSBEHANDLER,RETURNED_FROM_ROL,ROL_ANSWERS,ROL_QUESTIONS,KABAL_ROL,NOT_SUPPORTED,UNSET,UNSET,NOT_SUPPORTED,NOT_SUPPORTED,NOT_SUPPORTED
TILDELT_SAKSBEHANDLER,RETURNED_FROM_ROL,ROL_ANSWERS,ROL_QUESTIONS,KABAL_MEDUNDERSKRIVER,NOT_SUPPORTED,UNSET,UNSET,NOT_SUPPORTED,NOT_SUPPORTED,NOT_SUPPORTED
TILDELT_SAKSBEHANDLER,RETURNED_FROM_ROL,ROL_ANSWERS,ROL_QUESTIONS,NONE,NOT_SUPPORTED,UNSET,UNSET,NOT_SUPPORTED,NOT_SUPPORTED,NOT_SUPPORTED
TILDELT_MEDUNDERSKRIVER,WITH_SAKSBEHANDLER,SMART_DOCUMENT,NONE,KABAL_SAKSBEHANDLING,NOT_SUPPORTED,UNSET,UNSET,UNSET,UNSET,UNSET
TILDELT_MEDUNDERSKRIVER,WITH_SAKSBEHANDLER,SMART_DOCUMENT,NONE,KABAL_ROL,NOT_SUPPORTED,UNSET,UNSET,UNSET,UNSET,UNSET
TILDELT_MEDUNDERSKRIVER,WITH_SAKSBEHANDLER,SMART_DOCUMENT,NONE,KABAL_MEDUNDERSKRIVER,UNSET,UNSET,UNSET,UNSET,UNSET,UNSET
TILDELT_MEDUNDERSKRIVER,WITH_SAKSBEHANDLER,SMART_DOCUMENT,NONE,NONE,NOT_SUPPORTED,UNSET,UNSET,UNSET,UNSET,UNSET
TILDELT_MEDUNDERSKRIVER,WITH_SAKSBEHANDLER,UPLOADED,NONE,KABAL_SAKSBEHANDLING,NOT_SUPPORTED,NOT_SUPPORTED,UNSET,UNSET,UNSET,UNSET
TILDELT_MEDUNDERSKRIVER,WITH_SAKSBEHANDLER,UPLOADED,NONE,KABAL_ROL,NOT_SUPPORTED,NOT_SUPPORTED,UNSET,UNSET,UNSET,UNSET
TILDELT_MEDUNDERSKRIVER,WITH_SAKSBEHANDLER,UPLOADED,NONE,KABAL_MEDUNDERSKRIVER,UNSET,NOT_SUPPORTED,UNSET,UNSET,UNSET,UNSET
TILDELT_MEDUNDERSKRIVER,WITH_SAKSBEHANDLER,UPLOADED,NONE,NONE,NOT_SUPPORTED,NOT_SUPPORTED,UNSET,UNSET,UNSET,UNSET
TILDELT_MEDUNDERSKRIVER,WITH_SAKSBEHANDLER,UPLOADED,UPLOADED,KABAL_SAKSBEHANDLING,NOT_SUPPORTED,NOT_SUPPORTED,UNSET,NOT_SUPPORTED,UNSET,NOT_SUPPORTED
TILDELT_MEDUNDERSKRIVER,WITH_SAKSBEHANDLER,UPLOADED,UPLOADED,KABAL_ROL,NOT_SUPPORTED,NOT_SUPPORTED,UNSET,NOT_SUPPORTED,UNSET,NOT_SUPPORTED
TILDELT_MEDUNDERSKRIVER,WITH_SAKSBEHANDLER,UPLOADED,UPLOADED,KABAL_MEDUNDERSKRIVER,UNSET,NOT_SUPPORTED,UNSET,NOT_SUPPORTED,UNSET,NOT_SUPPORTED
TILDELT_MEDUNDERSKRIVER,WITH_SAKSBEHANDLER,UPLOADED,UPLOADED,NONE,NOT_SUPPORTED,NOT_SUPPORTED,UNSET,NOT_SUPPORTED,UNSET,NOT_SUPPORTED
TILDELT_MEDUNDERSKRIVER,WITH_SAKSBEHANDLER,JOURNALFOERT,SMART_DOCUMENT,KABAL_SAKSBEHANDLING,NOT_SUPPORTED,NOT_SUPPORTED,UNSET,NOT_SUPPORTED,NOT_SUPPORTED,NOT_SUPPORTED
TILDELT_MEDUNDERSKRIVER,WITH_SAKSBEHANDLER,JOURNALFOERT,SMART_DOCUMENT,KABAL_ROL,NOT_SUPPORTED,NOT_SUPPORTED,UNSET,NOT_SUPPORTED,NOT_SUPPORTED,NOT_SUPPORTED
TILDELT_MEDUNDERSKRIVER,WITH_SAKSBEHANDLER,JOURNALFOERT,SMART_DOCUMENT,KABAL_MEDUNDERSKRIVER,UNSET,NOT_SUPPORTED,UNSET,NOT_SUPPORTED,NOT_SUPPORTED,NOT_SUPPORTED
TILDELT_MEDUNDERSKRIVER,WITH_SAKSBEHANDLER,JOURNALFOERT,SMART_DOCUMENT,NONE,NOT_SUPPORTED,NOT_SUPPORTED,UNSET,NOT_SUPPORTED,NOT_SUPPORTED,NOT_SUPPORTED
TILDELT_MEDUNDERSKRIVER,WITH_SAKSBEHANDLER,JOURNALFOERT,ROL_QUESTIONS,KABAL_SAKSBEHANDLING,NOT_SUPPORTED,NOT_SUPPORTED,UNSET,NOT_SUPPORTED,NOT_SUPPORTED,NOT_SUPPORTED
TILDELT_MEDUNDERSKRIVER,WITH_SAKSBEHANDLER,JOURNALFOERT,ROL_QUESTIONS,KABAL_ROL,NOT_SUPPORTED,NOT_SUPPORTED,UNSET,NOT_SUPPORTED,NOT_SUPPORTED,NOT_SUPPORTED
TILDELT_MEDUNDERSKRIVER,WITH_SAKSBEHANDLER,JOURNALFOERT,ROL_QUESTIONS,KABAL_MEDUNDERSKRIVER,UNSET,NOT_SUPPORTED,UNSET,NOT_SUPPORTED,NOT_SUPPORTED,NOT_SUPPORTED
TILDELT_MEDUNDERSKRIVER,WITH_SAKSBEHANDLER,JOURNALFOERT,ROL_QUESTIONS,NONE,NOT_SUPPORTED,NOT_SUPPORTED,UNSET,NOT_SUPPORTED,NOT_SUPPORTED,NOT_SUPPORTED
TILDELT_MEDUNDERSKRIVER,WITH_SAKSBEHANDLER,ROL_QUESTIONS,NONE,KABAL_SAKSBEHANDLING,NOT_SUPPORTED,UNSET,UNSET,NOT_SUPPORTED,UNSET,UNSET
TILDELT_MEDUNDERSKRIVER,WITH_SAKSBEHANDLER,ROL_QUESTIONS,NONE,KABAL_ROL,NOT_SUPPORTED,UNSET,UNSET,NOT_SUPPORTED,UNSET,UNSET
TILDELT_MEDUNDERSKRIVER,WITH_SAKSBEHANDLER,ROL_QUESTIONS,NONE,KABAL_MEDUNDERSKRIVER,UNSET,UNSET,UNSET,NOT_SUPPORTED,UNSET,UNSET
TILDELT_MEDUNDERSKRIVER,WITH_SAKSBEHANDLER,ROL_QUESTIONS,NONE,NONE,NOT_SUPPORTED,UNSET,UNSET,NOT_SUPPORTED,UNSET,UNSET
TILDELT_MEDUNDERSKRIVER,WITH_SAKSBEHANDLER,ROL_ANSWERS,ROL_QUESTIONS,KABAL_SAKSBEHANDLING,NOT_SUPPORTED,UNSET,UNSET,NOT_SUPPORTED,NOT_SUPPORTED,NOT_SUPPORTED
TILDELT_MEDUNDERSKRIVER,WITH_SAKSBEHANDLER,ROL_ANSWERS,ROL_QUESTIONS,KABAL_ROL,NOT_SUPPORTED,UNSET,UNSET,NOT_SUPPORTED,NOT_SUPPORTED,NOT_SUPPORTED
TILDELT_MEDUNDERSKRIVER,WITH_SAKSBEHANDLER,ROL_ANSWERS,ROL_QUESTIONS,KABAL_MEDUNDERSKRIVER,UNSET,UNSET,UNSET,NOT_SUPPORTED,NOT_SUPPORTED,NOT_SUPPORTED
TILDELT_MEDUNDERSKRIVER,WITH_SAKSBEHANDLER,ROL_ANSWERS,ROL_QUESTIONS,NONE,NOT_SUPPORTED,UNSET,UNSET,NOT_SUPPORTED,NOT_SUPPORTED,NOT_SUPPORTED
TILDELT_MEDUNDERSKRIVER,WITH_MU,SMART_DOCUMENT,NONE,KABAL_SAKSBEHANDLING,NOT_SUPPORTED,UNSET,UNSET,UNSET,UNSET,UNSET
TILDELT_MEDUNDERSKRIVER,WITH_MU,SMART_DOCUMENT,NONE,KABAL_ROL,NOT_SUPPORTED,UNSET,UNSET,UNSET,UNSET,UNSET
TILDELT_MEDUNDERSKRIVER,WITH_MU,SMART_DOCUMENT,NONE,KABAL_MEDUNDERSKRIVER,UNSET,UNSET,UNSET,UNSET,UNSET,UNSET
TILDELT_MEDUNDERSKRIVER,WITH_MU,SMART_DOCUMENT,NONE,NONE,NOT_SUPPORTED,UNSET,UNSET,UNSET,UNSET,UNSET
TILDELT_MEDUNDERSKRIVER,WITH_MU,UPLOADED,NONE,KABAL_SAKSBEHANDLING,NOT_SUPPORTED,NOT_SUPPORTED,UNSET,UNSET,UNSET,UNSET
TILDELT_MEDUNDERSKRIVER,WITH_MU,UPLOADED,NONE,KABAL_ROL,NOT_SUPPORTED,NOT_SUPPORTED,UNSET,UNSET,UNSET,UNSET
TILDELT_MEDUNDERSKRIVER,WITH_MU,UPLOADED,NONE,KABAL_MEDUNDERSKRIVER,UNSET,NOT_SUPPORTED,UNSET,UNSET,UNSET,UNSET
TILDELT_MEDUNDERSKRIVER,WITH_MU,UPLOADED,NONE,NONE,NOT_SUPPORTED,NOT_SUPPORTED,UNSET,UNSET,UNSET,UNSET
TILDELT_MEDUNDERSKRIVER,WITH_MU,UPLOADED,UPLOADED,KABAL_SAKSBEHANDLING,NOT_SUPPORTED,NOT_SUPPORTED,UNSET,NOT_SUPPORTED,UNSET,NOT_SUPPORTED
TILDELT_MEDUNDERSKRIVER,WITH_MU,UPLOADED,UPLOADED,KABAL_ROL,NOT_SUPPORTED,NOT_SUPPORTED,UNSET,NOT_SUPPORTED,UNSET,NOT_SUPPORTED
TILDELT_MEDUNDERSKRIVER,WITH_MU,UPLOADED,UPLOADED,KABAL_MEDUNDERSKRIVER,UNSET,NOT_SUPPORTED,UNSET,NOT_SUPPORTED,UNSET,NOT_SUPPORTED
TILDELT_MEDUNDERSKRIVER,WITH_MU,UPLOADED,UPLOADED,NONE,NOT_SUPPORTED,NOT_SUPPORTED,UNSET,NOT_SUPPORTED,UNSET,NOT_SUPPORTED
TILDELT_MEDUNDERSKRIVER,WITH_MU,JOURNALFOERT,SMART_DOCUMENT,KABAL_SAKSBEHANDLING,NOT_SUPPORTED,NOT_SUPPORTED,UNSET,NOT_SUPPORTED,NOT_SUPPORTED,NOT_SUPPORTED
TILDELT_MEDUNDERSKRIVER,WITH_MU,JOURNALFOERT,SMART_DOCUMENT,KABAL_ROL,NOT_SUPPORTED,NOT_SUPPORTED,UNSET,NOT_SUPPORTED,NOT_SUPPORTED,NOT_SUPPORTED
TILDELT_MEDUNDERSKRIVER,WITH_MU,JOURNALFOERT,SMART_DOCUMENT,KABAL_MEDUNDERSKRIVER,UNSET,NOT_SUPPORTED,UNSET,NOT_SUPPORTED,NOT_SUPPORTED,NOT_SUPPORTED
TILDELT_MEDUNDERSKRIVER,WITH_MU,JOURNALFOERT,SMART_DOCUMENT,NONE,NOT_SUPPORTED,NOT_SUPPORTED,UNSET,NOT_SUPPORTED,NOT_SUPPORTED,NOT_SUPPORTED
TILDELT_MEDUNDERSKRIVER,WITH_MU,JOURNALFOERT,ROL_QUESTIONS,KABAL_SAKSBEHANDLING,NOT_SUPPORTED,NOT_SUPPORTED,UNSET,NOT_SUPPORTED,NOT_SUPPORTED,NOT_SUPPORTED
TILDELT_MEDUNDERSKRIVER,WITH_MU,JOURNALFOERT,ROL_QUESTIONS,KABAL_ROL,NOT_SUPPORTED,NOT_SUPPORTED,UNSET,NOT_SUPPORTED,NOT_SUPPORTED,NOT_SUPPORTED
TILDELT_MEDUNDERSKRIVER,WITH_MU,JOURNALFOERT,ROL_QUESTIONS,KABAL_MEDUNDERSKRIVER,UNSET,NOT_SUPPORTED,UNSET,NOT_SUPPORTED,NOT_SUPPORTED,NOT_SUPPORTED
TILDELT_MEDUNDERSKRIVER,WITH_MU,JOURNALFOERT,ROL_QUESTIONS,NONE,NOT_SUPPORTED,NOT_SUPPORTED,UNSET,NOT_SUPPORTED,NOT_SUPPORTED,NOT_SUPPORTED
TILDELT_MEDUNDERSKRIVER,WITH_MU,ROL_QUESTIONS,NONE,KABAL_SAKSBEHANDLING,NOT_SUPPORTED,UNSET,UNSET,NOT_SUPPORTED,UNSET,UNSET
TILDELT_MEDUNDERSKRIVER,WITH_MU,ROL_QUESTIONS,NONE,KABAL_ROL,NOT_SUPPORTED,UNSET,UNSET,NOT_SUPPORTED,UNSET,UNSET
TILDELT_MEDUNDERSKRIVER,WITH_MU,ROL_QUESTIONS,NONE,KABAL_MEDUNDERSKRIVER,UNSET,UNSET,UNSET,NOT_SUPPORTED,UNSET,UNSET
TILDELT_MEDUNDERSKRIVER,WITH_MU,ROL_QUESTIONS,NONE,NONE,NOT_SUPPORTED,UNSET,UNSET,NOT_SUPPORTED,UNSET,UNSET
TILDELT_MEDUNDERSKRIVER,WITH_MU,ROL_ANSWERS,ROL_QUESTIONS,KABAL_SAKSBEHANDLING,NOT_SUPPORTED,UNSET,UNSET,NOT_SUPPORTED,NOT_SUPPORTED,NOT_SUPPORTED
TILDELT_MEDUNDERSKRIVER,WITH_MU,ROL_ANSWERS,ROL_QUESTIONS,KABAL_ROL,NOT_SUPPORTED,UNSET,UNSET,NOT_SUPPORTED,NOT_SUPPORTED,NOT_SUPPORTED
TILDELT_MEDUNDERSKRIVER,WITH_MU,ROL_ANSWERS,ROL_QUESTIONS,KABAL_MEDUNDERSKRIVER,UNSET,UNSET,UNSET,NOT_SUPPORTED,NOT_SUPPORTED,NOT_SUPPORTED
TILDELT_MEDUNDERSKRIVER,WITH_MU,ROL_ANSWERS,ROL_QUESTIONS,NONE,NOT_SUPPORTED,UNSET,UNSET,NOT_SUPPORTED,NOT_SUPPORTED,NOT_SUPPORTED
TILDELT_MEDUNDERSKRIVER,WITH_ROL,SMART_DOCUMENT,NONE,KABAL_SAKSBEHANDLING,NOT_SUPPORTED,UNSET,UNSET,UNSET,UNSET,UNSET
TILDELT_MEDUNDERSKRIVER,WITH_ROL,SMART_DOCUMENT,NONE,KABAL_ROL,NOT_SUPPORTED,UNSET,UNSET,UNSET,UNSET,UNSET
TILDELT_MEDUNDERSKRIVER,WITH_ROL,SMART_DOCUMENT,NONE,KABAL_MEDUNDERSKRIVER,UNSET,UNSET,UNSET,UNSET,UNSET,UNSET
TILDELT_MEDUNDERSKRIVER,WITH_ROL,SMART_DOCUMENT,NONE,NONE,NOT_SUPPORTED,UNSET,UNSET,UNSET,UNSET,UNSET
TILDELT_MEDUNDERSKRIVER,WITH_ROL,UPLOADED,NONE,KABAL_SAKSBEHANDLING,NOT_SUPPORTED,NOT_SUPPORTED,UNSET,UNSET,UNSET,UNSET
TILDELT_MEDUNDERSKRIVER,WITH_ROL,UPLOADED,NONE,KABAL_ROL,NOT_SUPPORTED,NOT_SUPPORTED,UNSET,UNSET,UNSET,UNSET
TILDELT_MEDUNDERSKRIVER,WITH_ROL,UPLOADED,NONE,KABAL_MEDUNDERSKRIVER,UNSET,NOT_SUPPORTED,UNSET,UNSET,UNSET,UNSET
TILDELT_MEDUNDERSKRIVER,WITH_ROL,UPLOADED,NONE,NONE,NOT_SUPPORTED,NOT_SUPPORTED,UNSET,UNSET,UNSET,UNSET
TILDELT_MEDUNDERSKRIVER,WITH_ROL,UPLOADED,UPLOADED,KABAL_SAKSBEHANDLING,NOT_SUPPORTED,NOT_SUPPORTED,UNSET,NOT_SUPPORTED,UNSET,NOT_SUPPORTED
TILDELT_MEDUNDERSKRIVER,WITH_ROL,UPLOADED,UPLOADED,KABAL_ROL,NOT_SUPPORTED,NOT_SUPPORTED,UNSET,NOT_SUPPORTED,UNSET,NOT_SUPPORTED
TILDELT_MEDUNDERSKRIVER,WITH_ROL,UPLOADED,UPLOADED,KABAL_MEDUNDERSKRIVER,UNSET,NOT_SUPPORTED,UNSET,NOT_SUPPORTED,UNSET,NOT_SUPPORTED
TILDELT_MEDUNDERSKRIVER,WITH_ROL,UPLOADED,UPLOADED,NONE,NOT_SUPPORTED,NOT_SUPPORTED,UNSET,NOT_SUPPORTED,UNSET,NOT_SUPPORTED
TILDELT_MEDUNDERSKRIVER,WITH_ROL,JOURNALFOERT,SMART_DOCUMENT,KABAL_SAKSBEHANDLING,NOT_SUPPORTED,NOT_SUPPORTED,UNSET,NOT_SUPPORTED,NOT_SUPPORTED,NOT_SUPPORTED
TILDELT_MEDUNDERSKRIVER,WITH_ROL,JOURNALFOERT,SMART_DOCUMENT,KABAL_ROL,NOT_SUPPORTED,NOT_SUPPORTED,UNSET,NOT_SUPPORTED,NOT_SUPPORTED,NOT_SUPPORTED
TILDELT_MEDUNDERSKRIVER,WITH_ROL,JOURNALFOERT,SMART_DOCUMENT,KABAL_MEDUNDERSKRIVER,UNSET,NOT_SUPPORTED,UNSET,NOT_SUPPORTED,NOT_SUPPORTED,NOT_SUPPORTED
TILDELT_MEDUNDERSKRIVER,WITH_ROL,JOURNALFOERT,SMART_DOCUMENT,NONE,NOT_SUPPORTED,NOT_SUPPORTED,UNSET,NOT_SUPPORTED,NOT_SUPPORTED,NOT_SUPPORTED
TILDELT_MEDUNDERSKRIVER,WITH_ROL,JOURNALFOERT,ROL_QUESTIONS,KABAL_SAKSBEHANDLING,NOT_SUPPORTED,NOT_SUPPORTED,UNSET,NOT_SUPPORTED,NOT_SUPPORTED,NOT_SUPPORTED
TILDELT_MEDUNDERSKRIVER,WITH_ROL,JOURNALFOERT,ROL_QUESTIONS,KABAL_ROL,NOT_SUPPORTED,NOT_SUPPORTED,UNSET,NOT_SUPPORTED,NOT_SUPPORTED,NOT_SUPPORTED
TILDELT_MEDUNDERSKRIVER,WITH_ROL,JOURNALFOERT,ROL_QUESTIONS,KABAL_MEDUNDERSKRIVER,UNSET,NOT_SUPPORTED,UNSET,NOT_SUPPORTED,NOT_SUPPORTED,NOT_SUPPORTED
TILDELT_MEDUNDERSKRIVER,WITH_ROL,JOURNALFOERT,ROL_QUESTIONS,NONE,NOT_SUPPORTED,NOT_SUPPORTED,UNSET,NOT_SUPPORTED,NOT_SUPPORTED,NOT_SUPPORTED
TILDELT_MEDUNDERSKRIVER,WITH_ROL,ROL_QUESTIONS,NONE,KABAL_SAKSBEHANDLING,NOT_SUPPORTED,UNSET,UNSET,NOT_SUPPORTED,UNSET,UNSET
TILDELT_MEDUNDERSKRIVER,WITH_ROL,ROL_QUESTIONS,NONE,KABAL_ROL,NOT_SUPPORTED,UNSET,UNSET,NOT_SUPPORTED,UNSET,UNSET
TILDELT_MEDUNDERSKRIVER,WITH_ROL,ROL_QUESTIONS,NONE,KABAL_MEDUNDERSKRIVER,UNSET,UNSET,UNSET,NOT_SUPPORTED,UNSET,UNSET
TILDELT_MEDUNDERSKRIVER,WITH_ROL,ROL_QUESTIONS,NONE,NONE,NOT_SUPPORTED,UNSET,UNSET,NOT_SUPPORTED,UNSET,UNSET
TILDELT_MEDUNDERSKRIVER,WITH_ROL,ROL_ANSWERS,ROL_QUESTIONS,KABAL_SAKSBEHANDLING,NOT_SUPPORTED,UNSET,UNSET,NOT_SUPPORTED,NOT_SUPPORTED,NOT_SUPPORTED
TILDELT_MEDUNDERSKRIVER,WITH_ROL,ROL_ANSWERS,ROL_QUESTIONS,KABAL_ROL,NOT_SUPPORTED,UNSET,UNSET,NOT_SUPPORTED,NOT_SUPPORTED,NOT_SUPPORTED
TILDELT_MEDUNDERSKRIVER,WITH_ROL,ROL_ANSWERS,ROL_QUESTIONS,KABAL_MEDUNDERSKRIVER,UNSET,UNSET,UNSET,NOT_SUPPORTED,NOT_SUPPORTED,NOT_SUPPORTED
TILDELT_MEDUNDERSKRIVER,WITH_ROL,ROL_ANSWERS,ROL_QUESTIONS,NONE,NOT_SUPPORTED,UNSET,UNSET,NOT_SUPPORTED,NOT_SUPPORTED,NOT_SUPPORTED
TILDELT_MEDUNDERSKRIVER,RETURNED_FROM_ROL,SMART_DOCUMENT,NONE,KABAL_SAKSBEHANDLING,NOT_SUPPORTED,UNSET,UNSET,UNSET,UNSET,UNSET
TILDELT_MEDUNDERSKRIVER,RETURNED_FROM_ROL,SMART_DOCUMENT,NONE,KABAL_ROL,NOT_SUPPORTED,UNSET,UNSET,UNSET,UNSET,UNSET
TILDELT_MEDUNDERSKRIVER,RETURNED_FROM_ROL,SMART_DOCUMENT,NONE,KABAL_MEDUNDERSKRIVER,UNSET,UNSET,UNSET,UNSET,UNSET,UNSET
TILDELT_MEDUNDERSKRIVER,RETURNED_FROM_ROL,SMART_DOCUMENT,NONE,NONE,NOT_SUPPORTED,UNSET,UNSET,UNSET,UNSET,UNSET
TILDELT_MEDUNDERSKRIVER,RETURNED_FROM_ROL,UPLOADED,NONE,KABAL_SAKSBEHANDLING,NOT_SUPPORTED,NOT_SUPPORTED,UNSET,UNSET,UNSET,UNSET
TILDELT_MEDUNDERSKRIVER,RETURNED_FROM_ROL,UPLOADED,NONE,KABAL_ROL,NOT_SUPPORTED,NOT_SUPPORTED,UNSET,UNSET,UNSET,UNSET
TILDELT_MEDUNDERSKRIVER,RETURNED_FROM_ROL,UPLOADED,NONE,KABAL_MEDUNDERSKRIVER,UNSET,NOT_SUPPORTED,UNSET,UNSET,UNSET,UNSET
TILDELT_MEDUNDERSKRIVER,RETURNED_FROM_ROL,UPLOADED,NONE,NONE,NOT_SUPPORTED,NOT_SUPPORTED,UNSET,UNSET,UNSET,UNSET
TILDELT_MEDUNDERSKRIVER,RETURNED_FROM_ROL,UPLOADED,UPLOADED,KABAL_SAKSBEHANDLING,NOT_SUPPORTED,NOT_SUPPORTED,UNSET,NOT_SUPPORTED,UNSET,NOT_SUPPORTED
TILDELT_MEDUNDERSKRIVER,RETURNED_FROM_ROL,UPLOADED,UPLOADED,KABAL_ROL,NOT_SUPPORTED,NOT_SUPPORTED,UNSET,NOT_SUPPORTED,UNSET,NOT_SUPPORTED
TILDELT_MEDUNDERSKRIVER,RETURNED_FROM_ROL,UPLOADED,UPLOADED,KABAL_MEDUNDERSKRIVER,UNSET,NOT_SUPPORTED,UNSET,NOT_SUPPORTED,UNSET,NOT_SUPPORTED
TILDELT_MEDUNDERSKRIVER,RETURNED_FROM_ROL,UPLOADED,UPLOADED,NONE,NOT_SUPPORTED,NOT_SUPPORTED,UNSET,NOT_SUPPORTED,UNSET,NOT_SUPPORTED
TILDELT_MEDUNDERSKRIVER,RETURNED_FROM_ROL,JOURNALFOERT,SMART_DOCUMENT,KABAL_SAKSBEHANDLING,NOT_SUPPORTED,NOT_SUPPORTED,UNSET,NOT_SUPPORTED,NOT_SUPPORTED,NOT_SUPPORTED
TILDELT_MEDUNDERSKRIVER,RETURNED_FROM_ROL,JOURNALFOERT,SMART_DOCUMENT,KABAL_ROL,NOT_SUPPORTED,NOT_SUPPORTED,UNSET,NOT_SUPPORTED,NOT_SUPPORTED,NOT_SUPPORTED
TILDELT_MEDUNDERSKRIVER,RETURNED_FROM_ROL,JOURNALFOERT,SMART_DOCUMENT,KABAL_MEDUNDERSKRIVER,UNSET,NOT_SUPPORTED,UNSET,NOT_SUPPORTED,NOT_SUPPORTED,NOT_SUPPORTED
TILDELT_MEDUNDERSKRIVER,RETURNED_FROM_ROL,JOURNALFOERT,SMART_DOCUMENT,NONE,NOT_SUPPORTED,NOT_SUPPORTED,UNSET,NOT_SUPPORTED,NOT_SUPPORTED,NOT_SUPPORTED
TILDELT_MEDUNDERSKRIVER,RETURNED_FROM_ROL,JOURNALFOERT,ROL_QUESTIONS,KABAL_SAKSBEHANDLING,NOT_SUPPORTED,NOT_SUPPORTED,UNSET,NOT_SUPPORTED,NOT_SUPPORTED,NOT_SUPPORTED
TILDELT_MEDUNDERSKRIVER,RETURNED_FROM_ROL,JOURNALFOERT,ROL_QUESTIONS,KABAL_ROL,NOT_SUPPORTED,NOT_SUPPORTED,UNSET,NOT_SUPPORTED,NOT_SUPPORTED,NOT_SUPPORTED
TILDELT_MEDUNDERSKRIVER,RETURNED_FROM_ROL,JOURNALFOERT,ROL_QUESTIONS,KABAL_MEDUNDERSKRIVER,UNSET,NOT_SUPPORTED,UNSET,NOT_SUPPORTED,NOT_SUPPORTED,NOT_SUPPORTED
TILDELT_MEDUNDERSKRIVER,RETURNED_FROM_ROL,JOURNALFOERT,ROL_QUESTIONS,NONE,NOT_SUPPORTED,NOT_SUPPORTED,UNSET,NOT_SUPPORTED,NOT_SUPPORTED,NOT_SUPPORTED
TILDELT_MEDUNDERSKRIVER,RETURNED_FROM_ROL,ROL_QUESTIONS,NONE,KABAL_SAKSBEHANDLING,NOT_SUPPORTED,UNSET,UNSET,NOT_SUPPORTED,UNSET,UNSET
TILDELT_MEDUNDERSKRIVER,RETURNED_FROM_ROL,ROL_QUESTIONS,NONE,KABAL_ROL,NOT_SUPPORTED,UNSET,UNSET,NOT_SUPPORTED,UNSET,UNSET
TILDELT_MEDUNDERSKRIVER,RETURNED_FROM_ROL,ROL_QUESTIONS,NONE,KABAL_MEDUNDERSKRIVER,UNSET,UNSET,UNSET,NOT_SUPPORTED,UNSET,UNSET
TILDELT_MEDUNDERSKRIVER,RETURNED_FROM_ROL,ROL_QUESTIONS,NONE,NONE,NOT_SUPPORTED,UNSET,UNSET,NOT_SUPPORTED,UNSET,UNSET
TILDELT_MEDUNDERSKRIVER,RETURNED_FROM_ROL,ROL_ANSWERS,ROL_QUESTIONS,KABAL_SAKSBEHANDLING,NOT_SUPPORTED,UNSET,UNSET,NOT_SUPPORTED,NOT_SUPPORTED,NOT_SUPPORTED
TILDELT_MEDUNDERSKRIVER,RETURNED_FROM_ROL,ROL_ANSWERS,ROL_QUESTIONS,KABAL_ROL,NOT_SUPPORTED,UNSET,UNSET,NOT_SUPPORTED,NOT_SUPPORTED,NOT_SUPPORTED
TILDELT_MEDUNDERSKRIVER,RETURNED_FROM_ROL,ROL_ANSWERS,ROL_QUESTIONS,KABAL_MEDUNDERSKRIVER,UNSET,UNSET,UNSET,NOT_SUPPORTED,NOT_SUPPORTED,NOT_SUPPORTED
TILDELT_MEDUNDERSKRIVER,RETURNED_FROM_ROL,ROL_ANSWERS,ROL_QUESTIONS,NONE,NOT_SUPPORTED,UNSET,UNSET,NOT_SUPPORTED,NOT_SUPPORTED,NOT_SUPPORTED
ROL,LEDIG,SMART_DOCUMENT,NONE,KABAL_SAKSBEHANDLING,NOT_SUPPORTED,UNSET,UNSET,UNSET,UNSET,UNSET
ROL,LEDIG,SMART_DOCUMENT,NONE,KABAL_ROL,NOT_SUPPORTED,UNSET,UNSET,UNSET,UNSET,UNSET
ROL,LEDIG,SMART_DOCUMENT,NONE,KABAL_MEDUNDERSKRIVER,NOT_SUPPORTED,UNSET,UNSET,UNSET,UNSET,UNSET
ROL,LEDIG,SMART_DOCUMENT,NONE,NONE,UNSET,UNSET,UNSET,UNSET,UNSET,UNSET
ROL,LEDIG,UPLOADED,NONE,KABAL_SAKSBEHANDLING,NOT_SUPPORTED,NOT_SUPPORTED,UNSET,UNSET,UNSET,UNSET
ROL,LEDIG,UPLOADED,NONE,KABAL_ROL,NOT_SUPPORTED,NOT_SUPPORTED,UNSET,UNSET,UNSET,UNSET
ROL,LEDIG,UPLOADED,NONE,KABAL_MEDUNDERSKRIVER,NOT_SUPPORTED,NOT_SUPPORTED,UNSET,UNSET,UNSET,UNSET
ROL,LEDIG,UPLOADED,NONE,NONE,UNSET,NOT_SUPPORTED,UNSET,UNSET,UNSET,UNSET
ROL,LEDIG,UPLOADED,UPLOADED,KABAL_SAKSBEHANDLING,NOT_SUPPORTED,NOT_SUPPORTED,UNSET,NOT_SUPPORTED,UNSET,NOT_SUPPORTED
ROL,LEDIG,UPLOADED,UPLOADED,KABAL_ROL,NOT_SUPPORTED,NOT_SUPPORTED,UNSET,NOT_SUPPORTED,UNSET,NOT_SUPPORTED
ROL,LEDIG,UPLOADED,UPLOADED,KABAL_MEDUNDERSKRIVER,NOT_SUPPORTED,NOT_SUPPORTED,UNSET,NOT_SUPPORTED,UNSET,NOT_SUPPORTED
ROL,LEDIG,UPLOADED,UPLOADED,NONE,UNSET,NOT_SUPPORTED,UNSET,NOT_SUPPORTED,UNSET,NOT_SUPPORTED
ROL,LEDIG,JOURNALFOERT,SMART_DOCUMENT,KABAL_SAKSBEHANDLING,NOT_SUPPORTED,NOT_SUPPORTED,UNSET,NOT_SUPPORTED,NOT_SUPPORTED,NOT_SUPPORTED
ROL,LEDIG,JOURNALFOERT,SMART_DOCUMENT,KABAL_ROL,NOT_SUPPORTED,NOT_SUPPORTED,UNSET,NOT_SUPPORTED,NOT_SUPPORTED,NOT_SUPPORTED
ROL,LEDIG,JOURNALFOERT,SMART_DOCUMENT,KABAL_MEDUNDERSKRIVER,NOT_SUPPORTED,NOT_SUPPORTED,UNSET,NOT_SUPPORTED,NOT_SUPPORTED,NOT_SUPPORTED
ROL,LEDIG,JOURNALFOERT,SMART_DOCUMENT,NONE,UNSET,NOT_SUPPORTED,UNSET,NOT_SUPPORTED,NOT_SUPPORTED,NOT_SUPPORTED
ROL,LEDIG,JOURNALFOERT,ROL_QUESTIONS,KABAL_SAKSBEHANDLING,NOT_SUPPORTED,NOT_SUPPORTED,UNSET,NOT_SUPPORTED,NOT_SUPPORTED,NOT_SUPPORTED
ROL,LEDIG,JOURNALFOERT,ROL_QUESTIONS,KABAL_ROL,NOT_SUPPORTED,NOT_SUPPORTED,UNSET,NOT_SUPPORTED,NOT_SUPPORTED,NOT_SUPPORTED
ROL,LEDIG,JOURNALFOERT,ROL_QUESTIONS,KABAL_MEDUNDERSKRIVER,NOT_SUPPORTED,NOT_SUPPORTED,UNSET,NOT_SUPPORTED,NOT_SUPPORTED,NOT_SUPPORTED
ROL,LEDIG,JOURNALFOERT,ROL_QUESTIONS,NONE,UNSET,NOT_SUPPORTED,UNSET,NOT_SUPPORTED,NOT_SUPPORTED,NOT_SUPPORTED
ROL,LEDIG,ROL_QUESTIONS,NONE,KABAL_SAKSBEHANDLING,NOT_SUPPORTED,UNSET,UNSET,NOT_SUPPORTED,UNSET,UNSET
ROL,LEDIG,ROL_QUESTIONS,NONE,KABAL_ROL,NOT_SUPPORTED,UNSET,UNSET,NOT_SUPPORTED,UNSET,UNSET
ROL,LEDIG,ROL_QUESTIONS,NONE,KABAL_MEDUNDERSKRIVER,NOT_SUPPORTED,UNSET,UNSET,NOT_SUPPORTED,UNSET,UNSET
ROL,LEDIG,ROL_QUESTIONS,NONE,NONE,UNSET,UNSET,UNSET,NOT_SUPPORTED,UNSET,UNSET
ROL,LEDIG,ROL_ANSWERS,ROL_QUESTIONS,KABAL_SAKSBEHANDLING,NOT_SUPPORTED,UNSET,UNSET,NOT_SUPPORTED,NOT_SUPPORTED,NOT_SUPPORTED
ROL,LEDIG,ROL_ANSWERS,ROL_QUESTIONS,KABAL_ROL,NOT_SUPPORTED,UNSET,UNSET,NOT_SUPPORTED,NOT_SUPPORTED,NOT_SUPPORTED
ROL,LEDIG,ROL_ANSWERS,ROL_QUESTIONS,KABAL_MEDUNDERSKRIVER,NOT_SUPPORTED,UNSET,UNSET,NOT_SUPPORTED,NOT_SUPPORTED,NOT_SUPPORTED
ROL,LEDIG,ROL_ANSWERS,ROL_QUESTIONS,NONE,UNSET,UNSET,UNSET,NOT_SUPPORTED,NOT_SUPPORTED,NOT_SUPPORTED
ROL,WITH_SAKSBEHANDLER,SMART_DOCUMENT,NONE,KABAL_SAKSBEHANDLING,NOT_SUPPORTED,UNSET,UNSET,UNSET,UNSET,UNSET
ROL,WITH_SAKSBEHANDLER,SMART_DOCUMENT,NONE,KABAL_ROL,NOT_SUPPORTED,UNSET,UNSET,UNSET,UNSET,UNSET
ROL,WITH_SAKSBEHANDLER,SMART_DOCUMENT,NONE,KABAL_MEDUNDERSKRIVER,NOT_SUPPORTED,UNSET,UNSET,UNSET,UNSET,UNSET
ROL,WITH_SAKSBEHANDLER,SMART_DOCUMENT,NONE,NONE,UNSET,UNSET,UNSET,UNSET,UNSET,UNSET
ROL,WITH_SAKSBEHANDLER,UPLOADED,NONE,KABAL_SAKSBEHANDLING,NOT_SUPPORTED,NOT_SUPPORTED,UNSET,UNSET,UNSET,UNSET
ROL,WITH_SAKSBEHANDLER,UPLOADED,NONE,KABAL_ROL,NOT_SUPPORTED,NOT_SUPPORTED,UNSET,UNSET,UNSET,UNSET
ROL,WITH_SAKSBEHANDLER,UPLOADED,NONE,KABAL_MEDUNDERSKRIVER,NOT_SUPPORTED,NOT_SUPPORTED,UNSET,UNSET,UNSET,UNSET
ROL,WITH_SAKSBEHANDLER,UPLOADED,NONE,NONE,UNSET,NOT_SUPPORTED,UNSET,UNSET,UNSET,UNSET
ROL,WITH_SAKSBEHANDLER,UPLOADED,UPLOADED,KABAL_SAKSBEHANDLING,NOT_SUPPORTED,NOT_SUPPORTED,UNSET,NOT_SUPPORTED,UNSET,NOT_SUPPORTED
ROL,WITH_SAKSBEHANDLER,UPLOADED,UPLOADED,KABAL_ROL,NOT_SUPPORTED,NOT_SUPPORTED,UNSET,NOT_SUPPORTED,UNSET,NOT_SUPPORTED
ROL,WITH_SAKSBEHANDLER,UPLOADED,UPLOADED,KABAL_MEDUNDERSKRIVER,NOT_SUPPORTED,NOT_SUPPORTED,UNSET,NOT_SUPPORTED,UNSET,NOT_SUPPORTED
ROL,WITH_SAKSBEHANDLER,UPLOADED,UPLOADED,NONE,UNSET,NOT_SUPPORTED,UNSET,NOT_SUPPORTED,UNSET,NOT_SUPPORTED
ROL,WITH_SAKSBEHANDLER,JOURNALFOERT,SMART_DOCUMENT,KABAL_SAKSBEHANDLING,NOT_SUPPORTED,NOT_SUPPORTED,UNSET,NOT_SUPPORTED,NOT_SUPPORTED,NOT_SUPPORTED
ROL,WITH_SAKSBEHANDLER,JOURNALFOERT,SMART_DOCUMENT,KABAL_ROL,NOT_SUPPORTED,NOT_SUPPORTED,UNSET,NOT_SUPPORTED,NOT_SUPPORTED,NOT_SUPPORTED
ROL,WITH_SAKSBEHANDLER,JOURNALFOERT,SMART_DOCUMENT,KABAL_MEDUNDERSKRIVER,NOT_SUPPORTED,NOT_SUPPORTED,UNSET,NOT_SUPPORTED,NOT_SUPPORTED,NOT_SUPPORTED
ROL,WITH_SAKSBEHANDLER,JOURNALFOERT,SMART_DOCUMENT,NONE,UNSET,NOT_SUPPORTED,UNSET,NOT_SUPPORTED,NOT_SUPPORTED,NOT_SUPPORTED
ROL,WITH_SAKSBEHANDLER,JOURNALFOERT,ROL_QUESTIONS,KABAL_SAKSBEHANDLING,NOT_SUPPORTED,NOT_SUPPORTED,UNSET,NOT_SUPPORTED,NOT_SUPPORTED,NOT_SUPPORTED
ROL,WITH_SAKSBEHANDLER,JOURNALFOERT,ROL_QUESTIONS,KABAL_ROL,NOT_SUPPORTED,NOT_SUPPORTED,UNSET,NOT_SUPPORTED,NOT_SUPPORTED,NOT_SUPPORTED
ROL,WITH_SAKSBEHANDLER,JOURNALFOERT,ROL_QUESTIONS,KABAL_MEDUNDERSKRIVER,NOT_SUPPORTED,NOT_SUPPORTED,UNSET,NOT_SUPPORTED,NOT_SUPPORTED,NOT_SUPPORTED
ROL,WITH_SAKSBEHANDLER,JOURNALFOERT,ROL_QUESTIONS,NONE,UNSET,NOT_SUPPORTED,UNSET,NOT_SUPPORTED,NOT_SUPPORTED,NOT_SUPPORTED
ROL,WITH_SAKSBEHANDLER,ROL_QUESTIONS,NONE,KABAL_SAKSBEHANDLING,NOT_SUPPORTED,UNSET,UNSET,NOT_SUPPORTED,UNSET,UNSET
ROL,WITH_SAKSBEHANDLER,ROL_QUESTIONS,NONE,KABAL_ROL,NOT_SUPPORTED,UNSET,UNSET,NOT_SUPPORTED,UNSET,UNSET
ROL,WITH_SAKSBEHANDLER,ROL_QUESTIONS,NONE,KABAL_MEDUNDERSKRIVER,NOT_SUPPORTED,UNSET,UNSET,NOT_SUPPORTED,UNSET,UNSET
ROL,WITH_SAKSBEHANDLER,ROL_QUESTIONS,NONE,NONE,UNSET,UNSET,UNSET,NOT_SUPPORTED,UNSET,UNSET
ROL,WITH_SAKSBEHANDLER,ROL_ANSWERS,ROL_QUESTIONS,KABAL_SAKSBEHANDLING,NOT_SUPPORTED,UNSET,UNSET,NOT_SUPPORTED,NOT_SUPPORTED,NOT_SUPPORTED
ROL,WITH_SAKSBEHANDLER,ROL_ANSWERS,ROL_QUESTIONS,KABAL_ROL,NOT_SUPPORTED,UNSET,UNSET,NOT_SUPPORTED,NOT_SUPPORTED,NOT_SUPPORTED
ROL,WITH_SAKSBEHANDLER,ROL_ANSWERS,ROL_QUESTIONS,KABAL_MEDUNDERSKRIVER,NOT_SUPPORTED,UNSET,UNSET,NOT_SUPPORTED,NOT_SUPPORTED,NOT_SUPPORTED
ROL,WITH_SAKSBEHANDLER,ROL_ANSWERS,ROL_QUESTIONS,NONE,UNSET,UNSET,UNSET,NOT_SUPPORTED,NOT_SUPPORTED,NOT_SUPPORTED
ROL,WITH_MU,SMART_DOCUMENT,NONE,KABAL_SAKSBEHANDLING,NOT_SUPPORTED,UNSET,UNSET,UNSET,UNSET,UNSET
ROL,WITH_MU,SMART_DOCUMENT,NONE,KABAL_ROL,NOT_SUPPORTED,UNSET,UNSET,UNSET,UNSET,UNSET
ROL,WITH_MU,SMART_DOCUMENT,NONE,KABAL_MEDUNDERSKRIVER,NOT_SUPPORTED,UNSET,UNSET,UNSET,UNSET,UNSET
ROL,WITH_MU,SMART_DOCUMENT,NONE,NONE,UNSET,UNSET,UNSET,UNSET,UNSET,UNSET
ROL,WITH_MU,UPLOADED,NONE,KABAL_SAKSBEHANDLING,NOT_SUPPORTED,NOT_SUPPORTED,UNSET,UNSET,UNSET,UNSET
ROL,WITH_MU,UPLOADED,NONE,KABAL_ROL,NOT_SUPPORTED,NOT_SUPPORTED,UNSET,UNSET,UNSET,UNSET
ROL,WITH_MU,UPLOADED,NONE,KABAL_MEDUNDERSKRIVER,NOT_SUPPORTED,NOT_SUPPORTED,UNSET,UNSET,UNSET,UNSET
ROL,WITH_MU,UPLOADED,NONE,NONE,UNSET,NOT_SUPPORTED,UNSET,UNSET,UNSET,UNSET
ROL,WITH_MU,UPLOADED,UPLOADED,KABAL_SAKSBEHANDLING,NOT_SUPPORTED,NOT_SUPPORTED,UNSET,NOT_SUPPORTED,UNSET,NOT_SUPPORTED
ROL,WITH_MU,UPLOADED,UPLOADED,KABAL_ROL,NOT_SUPPORTED,NOT_SUPPORTED,UNSET,NOT_SUPPORTED,UNSET,NOT_SUPPORTED
ROL,WITH_MU,UPLOADED,UPLOADED,KABAL_MEDUNDERSKRIVER,NOT_SUPPORTED,NOT_SUPPORTED,UNSET,NOT_SUPPORTED,UNSET,NOT_SUPPORTED
ROL,WITH_MU,UPLOADED,UPLOADED,NONE,UNSET,NOT_SUPPORTED,UNSET,NOT_SUPPORTED,UNSET,NOT_SUPPORTED
ROL,WITH_MU,JOURNALFOERT,SMART_DOCUMENT,KABAL_SAKSBEHANDLING,NOT_SUPPORTED,NOT_SUPPORTED,UNSET,NOT_SUPPORTED,NOT_SUPPORTED,NOT_SUPPORTED
ROL,WITH_MU,JOURNALFOERT,SMART_DOCUMENT,KABAL_ROL,NOT_SUPPORTED,NOT_SUPPORTED,UNSET,NOT_SUPPORTED,NOT_SUPPORTED,NOT_SUPPORTED
ROL,WITH_MU,JOURNALFOERT,SMART_DOCUMENT,KABAL_MEDUNDERSKRIVER,NOT_SUPPORTED,NOT_SUPPORTED,UNSET,NOT_SUPPORTED,NOT_SUPPORTED,NOT_SUPPORTED
ROL,WITH_MU,JOURNALFOERT,SMART_DOCUMENT,NONE,UNSET,NOT_SUPPORTED,UNSET,NOT_SUPPORTED,NOT_SUPPORTED,NOT_SUPPORTED
ROL,WITH_MU,JOURNALFOERT,ROL_QUESTIONS,KABAL_SAKSBEHANDLING,NOT_SUPPORTED,NOT_SUPPORTED,UNSET,NOT_SUPPORTED,NOT_SUPPORTED,NOT_SUPPORTED
ROL,WITH_MU,JOURNALFOERT,ROL_QUESTIONS,KABAL_ROL,NOT_SUPPORTED,NOT_SUPPORTED,UNSET,NOT_SUPPORTED,NOT_SUPPORTED,NOT_SUPPORTED
ROL,WITH_MU,JOURNALFOERT,ROL_QUESTIONS,KABAL_MEDUNDERSKRIVER,NOT_SUPPORTED,NOT_SUPPORTED,UNSET,NOT_SUPPORTED,NOT_SUPPORTED,NOT_SUPPORTED
ROL,WITH_MU,JOURNALFOERT,ROL_QUESTIONS,NONE,UNSET,NOT_SUPPORTED,UNSET,NOT_SUPPORTED,NOT_SUPPORTED,NOT_SUPPORTED
ROL,WITH_MU,ROL_QUESTIONS,NONE,KABAL_SAKSBEHANDLING,NOT_SUPPORTED,UNSET,UNSET,NOT_SUPPORTED,UNSET,UNSET
ROL,WITH_MU,ROL_QUESTIONS,NONE,KABAL_ROL,NOT_SUPPORTED,UNSET,UNSET,NOT_SUPPORTED,UNSET,UNSET
ROL,WITH_MU,ROL_QUESTIONS,NONE,KABAL_MEDUNDERSKRIVER,NOT_SUPPORTED,UNSET,UNSET,NOT_SUPPORTED,UNSET,UNSET
ROL,WITH_MU,ROL_QUESTIONS,NONE,NONE,UNSET,UNSET,UNSET,NOT_SUPPORTED,UNSET,UNSET
ROL,WITH_MU,ROL_ANSWERS,ROL_QUESTIONS,KABAL_SAKSBEHANDLING,NOT_SUPPORTED,UNSET,UNSET,NOT_SUPPORTED,NOT_SUPPORTED,NOT_SUPPORTED
ROL,WITH_MU,ROL_ANSWERS,ROL_QUESTIONS,KABAL_ROL,NOT_SUPPORTED,UNSET,UNSET,NOT_SUPPORTED,NOT_SUPPORTED,NOT_SUPPORTED
ROL,WITH_MU,ROL_ANSWERS,ROL_QUESTIONS,KABAL_MEDUNDERSKRIVER,NOT_SUPPORTED,UNSET,UNSET,NOT_SUPPORTED,NOT_SUPPORTED,NOT_SUPPORTED
ROL,WITH_MU,ROL_ANSWERS,ROL_QUESTIONS,NONE,UNSET,UNSET,UNSET,NOT_SUPPORTED,NOT_SUPPORTED,NOT_SUPPORTED
ROL,WITH_ROL,SMART_DOCUMENT,NONE,KABAL_SAKSBEHANDLING,NOT_SUPPORTED,UNSET,UNSET,UNSET,UNSET,UNSET
ROL,WITH_ROL,SMART_DOCUMENT,NONE,KABAL_ROL,NOT_SUPPORTED,UNSET,UNSET,UNSET,UNSET,UNSET
ROL,WITH_ROL,SMART_DOCUMENT,NONE,KABAL_MEDUNDERSKRIVER,NOT_SUPPORTED,UNSET,UNSET,UNSET,UNSET,UNSET
ROL,WITH_ROL,SMART_DOCUMENT,NONE,NONE,UNSET,UNSET,UNSET,UNSET,UNSET,UNSET
ROL,WITH_ROL,UPLOADED,NONE,KABAL_SAKSBEHANDLING,NOT_SUPPORTED,NOT_SUPPORTED,UNSET,UNSET,UNSET,UNSET
ROL,WITH_ROL,UPLOADED,NONE,KABAL_ROL,NOT_SUPPORTED,NOT_SUPPORTED,UNSET,UNSET,UNSET,UNSET
ROL,WITH_ROL,UPLOADED,NONE,KABAL_MEDUNDERSKRIVER,NOT_SUPPORTED,NOT_SUPPORTED,UNSET,UNSET,UNSET,UNSET
ROL,WITH_ROL,UPLOADED,NONE,NONE,UNSET,NOT_SUPPORTED,UNSET,UNSET,UNSET,UNSET
ROL,WITH_ROL,UPLOADED,UPLOADED,KABAL_SAKSBEHANDLING,NOT_SUPPORTED,NOT_SUPPORTED,UNSET,NOT_SUPPORTED,UNSET,NOT_SUPPORTED
ROL,WITH_ROL,UPLOADED,UPLOADED,KABAL_ROL,NOT_SUPPORTED,NOT_SUPPORTED,UNSET,NOT_SUPPORTED,UNSET,NOT_SUPPORTED
ROL,WITH_ROL,UPLOADED,UPLOADED,KABAL_MEDUNDERSKRIVER,NOT_SUPPORTED,NOT_SUPPORTED,UNSET,NOT_SUPPORTED,UNSET,NOT_SUPPORTED
ROL,WITH_ROL,UPLOADED,UPLOADED,NONE,UNSET,NOT_SUPPORTED,UNSET,NOT_SUPPORTED,UNSET,NOT_SUPPORTED
ROL,WITH_ROL,JOURNALFOERT,SMART_DOCUMENT,KABAL_SAKSBEHANDLING,NOT_SUPPORTED,NOT_SUPPORTED,UNSET,NOT_SUPPORTED,NOT_SUPPORTED,NOT_SUPPORTED
ROL,WITH_ROL,JOURNALFOERT,SMART_DOCUMENT,KABAL_ROL,NOT_SUPPORTED,NOT_SUPPORTED,UNSET,NOT_SUPPORTED,NOT_SUPPORTED,NOT_SUPPORTED
ROL,WITH_ROL,JOURNALFOERT,SMART_DOCUMENT,KABAL_MEDUNDERSKRIVER,NOT_SUPPORTED,NOT_SUPPORTED,UNSET,NOT_SUPPORTED,NOT_SUPPORTED,NOT_SUPPORTED
ROL,WITH_ROL,JOURNALFOERT,SMART_DOCUMENT,NONE,UNSET,NOT_SUPPORTED,UNSET,NOT_SUPPORTED,NOT_SUPPORTED,NOT_SUPPORTED
ROL,WITH_ROL,JOURNALFOERT,ROL_QUESTIONS,KABAL_SAKSBEHANDLING,NOT_SUPPORTED,NOT_SUPPORTED,UNSET,NOT_SUPPORTED,NOT_SUPPORTED,NOT_SUPPORTED
ROL,WITH_ROL,JOURNALFOERT,ROL_QUESTIONS,KABAL_ROL,NOT_SUPPORTED,NOT_SUPPORTED,UNSET,NOT_SUPPORTED,NOT_SUPPORTED,NOT_SUPPORTED
ROL,WITH_ROL,JOURNALFOERT,ROL_QUESTIONS,KABAL_MEDUNDERSKRIVER,NOT_SUPPORTED,NOT_SUPPORTED,UNSET,NOT_SUPPORTED,NOT_SUPPORTED,NOT_SUPPORTED
ROL,WITH_ROL,JOURNALFOERT,ROL_QUESTIONS,NONE,UNSET,NOT_SUPPORTED,UNSET,NOT_SUPPORTED,NOT_SUPPORTED,NOT_SUPPORTED
ROL,WITH_ROL,ROL_QUESTIONS,NONE,KABAL_SAKSBEHANDLING,NOT_SUPPORTED,UNSET,UNSET,NOT_SUPPORTED,UNSET,UNSET
ROL,WITH_ROL,ROL_QUESTIONS,NONE,KABAL_ROL,NOT_SUPPORTED,UNSET,UNSET,NOT_SUPPORTED,UNSET,UNSET
ROL,WITH_ROL,ROL_QUESTIONS,NONE,KABAL_MEDUNDERSKRIVER,NOT_SUPPORTED,UNSET,UNSET,NOT_SUPPORTED,UNSET,UNSET
ROL,WITH_ROL,ROL_QUESTIONS,NONE,NONE,UNSET,UNSET,UNSET,NOT_SUPPORTED,UNSET,UNSET
ROL,WITH_ROL,ROL_ANSWERS,ROL_QUESTIONS,KABAL_SAKSBEHANDLING,NOT_SUPPORTED,UNSET,UNSET,NOT_SUPPORTED,NOT_SUPPORTED,NOT_SUPPORTED
ROL,WITH_ROL,ROL_ANSWERS,ROL_QUESTIONS,KABAL_ROL,NOT_SUPPORTED,UNSET,UNSET,NOT_SUPPORTED,NOT_SUPPORTED,NOT_SUPPORTED
ROL,WITH_ROL,ROL_ANSWERS,ROL_QUESTIONS,KABAL_MEDUNDERSKRIVER,NOT_SUPPORTED,UNSET,UNSET,NOT_SUPPORTED,NOT_SUPPORTED,NOT_SUPPORTED
ROL,WITH_ROL,ROL_ANSWERS,ROL_QUESTIONS,NONE,UNSET,UNSET,UNSET,NOT_SUPPORTED,NOT_SUPPORTED,NOT_SUPPORTED
ROL,RETURNED_FROM_ROL,SMART_DOCUMENT,NONE,KABAL_SAKSBEHANDLING,NOT_SUPPORTED,UNSET,UNSET,UNSET,UNSET,UNSET
ROL,RETURNED_FROM_ROL,SMART_DOCUMENT,NONE,KABAL_ROL,NOT_SUPPORTED,UNSET,UNSET,UNSET,UNSET,UNSET
ROL,RETURNED_FROM_ROL,SMART_DOCUMENT,NONE,KABAL_MEDUNDERSKRIVER,NOT_SUPPORTED,UNSET,UNSET,UNSET,UNSET,UNSET
ROL,RETURNED_FROM_ROL,SMART_DOCUMENT,NONE,NONE,UNSET,UNSET,UNSET,UNSET,UNSET,UNSET
ROL,RETURNED_FROM_ROL,UPLOADED,NONE,KABAL_SAKSBEHANDLING,NOT_SUPPORTED,NOT_SUPPORTED,UNSET,UNSET,UNSET,UNSET
ROL,RETURNED_FROM_ROL,UPLOADED,NONE,KABAL_ROL,NOT_SUPPORTED,NOT_SUPPORTED,UNSET,UNSET,UNSET,UNSET
ROL,RETURNED_FROM_ROL,UPLOADED,NONE,KABAL_MEDUNDERSKRIVER,NOT_SUPPORTED,NOT_SUPPORTED,UNSET,UNSET,UNSET,UNSET
ROL,RETURNED_FROM_ROL,UPLOADED,NONE,NONE,UNSET,NOT_SUPPORTED,UNSET,UNSET,UNSET,UNSET
ROL,RETURNED_FROM_ROL,UPLOADED,UPLOADED,KABAL_SAKSBEHANDLING,NOT_SUPPORTED,NOT_SUPPORTED,UNSET,NOT_SUPPORTED,UNSET,NOT_SUPPORTED
ROL,RETURNED_FROM_ROL,UPLOADED,UPLOADED,KABAL_ROL,NOT_SUPPORTED,NOT_SUPPORTED,UNSET,NOT_SUPPORTED,UNSET,NOT_SUPPORTED
ROL,RETURNED_FROM_ROL,UPLOADED,UPLOADED,KABAL_MEDUNDERSKRIVER,NOT_SUPPORTED,NOT_SUPPORTED,UNSET,NOT_SUPPORTED,UNSET,NOT_SUPPORTED
ROL,RETURNED_FROM_ROL,UPLOADED,UPLOADED,NONE,UNSET,NOT_SUPPORTED,UNSET,NOT_SUPPORTED,UNSET,NOT_SUPPORTED
ROL,RETURNED_FROM_ROL,JOURNALFOERT,SMART_DOCUMENT,KABAL_SAKSBEHANDLING,NOT_SUPPORTED,NOT_SUPPORTED,UNSET,NOT_SUPPORTED,NOT_SUPPORTED,NOT_SUPPORTED
ROL,RETURNED_FROM_ROL,JOURNALFOERT,SMART_DOCUMENT,KABAL_ROL,NOT_SUPPORTED,NOT_SUPPORTED,UNSET,NOT_SUPPORTED,NOT_SUPPORTED,NOT_SUPPORTED
ROL,RETURNED_FROM_ROL,JOURNALFOERT,SMART_DOCUMENT,KABAL_MEDUNDERSKRIVER,NOT_SUPPORTED,NOT_SUPPORTED,UNSET,NOT_SUPPORTED,NOT_SUPPORTED,NOT_SUPPORTED
ROL,RETURNED_FROM_ROL,JOURNALFOERT,SMART_DOCUMENT,NONE,UNSET,NOT_SUPPORTED,UNSET,NOT_SUPPORTED,NOT_SUPPORTED,NOT_SUPPORTED
ROL,RETURNED_FROM_ROL,JOURNALFOERT,ROL_QUESTIONS,KABAL_SAKSBEHANDLING,NOT_SUPPORTED,NOT_SUPPORTED,UNSET,NOT_SUPPORTED,NOT_SUPPORTED,NOT_SUPPORTED
ROL,RETURNED_FROM_ROL,JOURNALFOERT,ROL_QUESTIONS,KABAL_ROL,NOT_SUPPORTED,NOT_SUPPORTED,UNSET,NOT_SUPPORTED,NOT_SUPPORTED,NOT_SUPPORTED
ROL,RETURNED_FROM_ROL,JOURNALFOERT,ROL_QUESTIONS,KABAL_MEDUNDERSKRIVER,NOT_SUPPORTED,NOT_SUPPORTED,UNSET,NOT_SUPPORTED,NOT_SUPPORTED,NOT_SUPPORTED
ROL,RETURNED_FROM_ROL,JOURNALFOERT,ROL_QUESTIONS,NONE,UNSET,NOT_SUPPORTED,UNSET,NOT_SUPPORTED,NOT_SUPPORTED,NOT_SUPPORTED
ROL,RETURNED_FROM_ROL,ROL_QUESTIONS,NONE,KABAL_SAKSBEHANDLING,NOT_SUPPORTED,UNSET,UNSET,NOT_SUPPORTED,UNSET,UNSET
ROL,RETURNED_FROM_ROL,ROL_QUESTIONS,NONE,KABAL_ROL,NOT_SUPPORTED,UNSET,UNSET,NOT_SUPPORTED,UNSET,UNSET
ROL,RETURNED_FROM_ROL,ROL_QUESTIONS,NONE,KABAL_MEDUNDERSKRIVER,NOT_SUPPORTED,UNSET,UNSET,NOT_SUPPORTED,UNSET,UNSET
ROL,RETURNED_FROM_ROL,ROL_QUESTIONS,NONE,NONE,UNSET,UNSET,UNSET,NOT_SUPPORTED,UNSET,UNSET
ROL,RETURNED_FROM_ROL,ROL_ANSWERS,ROL_QUESTIONS,KABAL_SAKSBEHANDLING,NOT_SUPPORTED,UNSET,UNSET,NOT_SUPPORTED,NOT_SUPPORTED,NOT_SUPPORTED
ROL,RETURNED_FROM_ROL,ROL_ANSWERS,ROL_QUESTIONS,KABAL_ROL,NOT_SUPPORTED,UNSET,UNSET,NOT_SUPPORTED,NOT_SUPPORTED,NOT_SUPPORTED
ROL,RETURNED_FROM_ROL,ROL_ANSWERS,ROL_QUESTIONS,KABAL_MEDUNDERSKRIVER,NOT_SUPPORTED,UNSET,UNSET,NOT_SUPPORTED,NOT_SUPPORTED,NOT_SUPPORTED
ROL,RETURNED_FROM_ROL,ROL_ANSWERS,ROL_QUESTIONS,NONE,UNSET,UNSET,UNSET,NOT_SUPPORTED,NOT_SUPPORTED,NOT_SUPPORTED
ROL,FULLFOERT,SMART_DOCUMENT,NONE,KABAL_SAKSBEHANDLING,NOT_SUPPORTED,UNSET,UNSET,UNSET,UNSET,UNSET
ROL,FULLFOERT,SMART_DOCUMENT,NONE,KABAL_ROL,NOT_SUPPORTED,UNSET,UNSET,UNSET,UNSET,UNSET
ROL,FULLFOERT,SMART_DOCUMENT,NONE,KABAL_MEDUNDERSKRIVER,NOT_SUPPORTED,UNSET,UNSET,UNSET,UNSET,UNSET
ROL,FULLFOERT,SMART_DOCUMENT,NONE,NONE,UNSET,UNSET,UNSET,UNSET,UNSET,UNSET
ROL,FULLFOERT,UPLOADED,NONE,KABAL_SAKSBEHANDLING,NOT_SUPPORTED,NOT_SUPPORTED,UNSET,UNSET,UNSET,UNSET
ROL,FULLFOERT,UPLOADED,NONE,KABAL_ROL,NOT_SUPPORTED,NOT_SUPPORTED,UNSET,UNSET,UNSET,UNSET
ROL,FULLFOERT,UPLOADED,NONE,KABAL_MEDUNDERSKRIVER,NOT_SUPPORTED,NOT_SUPPORTED,UNSET,UNSET,UNSET,UNSET
ROL,FULLFOERT,UPLOADED,NONE,NONE,UNSET,NOT_SUPPORTED,UNSET,UNSET,UNSET,UNSET
ROL,FULLFOERT,UPLOADED,UPLOADED,KABAL_SAKSBEHANDLING,NOT_SUPPORTED,NOT_SUPPORTED,UNSET,NOT_SUPPORTED,UNSET,NOT_SUPPORTED
ROL,FULLFOERT,UPLOADED,UPLOADED,KABAL_ROL,NOT_SUPPORTED,NOT_SUPPORTED,UNSET,NOT_SUPPORTED,UNSET,NOT_SUPPORTED
ROL,FULLFOERT,UPLOADED,UPLOADED,KABAL_MEDUNDERSKRIVER,NOT_SUPPORTED,NOT_SUPPORTED,UNSET,NOT_SUPPORTED,UNSET,NOT_SUPPORTED
ROL,FULLFOERT,UPLOADED,UPLOADED,NONE,UNSET,NOT_SUPPORTED,UNSET,NOT_SUPPORTED,UNSET,NOT_SUPPORTED
ROL,FULLFOERT,JOURNALFOERT,SMART_DOCUMENT,KABAL_SAKSBEHANDLING,NOT_SUPPORTED,NOT_SUPPORTED,UNSET,NOT_SUPPORTED,NOT_SUPPORTED,NOT_SUPPORTED
ROL,FULLFOERT,JOURNALFOERT,SMART_DOCUMENT,KABAL_ROL,NOT_SUPPORTED,NOT_SUPPORTED,UNSET,NOT_SUPPORTED,NOT_SUPPORTED,NOT_SUPPORTED
ROL,FULLFOERT,JOURNALFOERT,SMART_DOCUMENT,KABAL_MEDUNDERSKRIVER,NOT_SUPPORTED,NOT_SUPPORTED,UNSET,NOT_SUPPORTED,NOT_SUPPORTED,NOT_SUPPORTED
ROL,FULLFOERT,JOURNALFOERT,SMART_DOCUMENT,NONE,UNSET,NOT_SUPPORTED,UNSET,NOT_SUPPORTED,NOT_SUPPORTED,NOT_SUPPORTED
ROL,FULLFOERT,JOURNALFOERT,ROL_QUESTIONS,KABAL_SAKSBEHANDLING,NOT_SUPPORTED,NOT_SUPPORTED,UNSET,NOT_SUPPORTED,NOT_SUPPORTED,NOT_SUPPORTED
ROL,FULLFOERT,JOURNALFOERT,ROL_QUESTIONS,KABAL_ROL,NOT_SUPPORTED,NOT_SUPPORTED,UNSET,NOT_SUPPORTED,NOT_SUPPORTED,NOT_SUPPORTED
ROL,FULLFOERT,JOURNALFOERT,ROL_QUESTIONS,KABAL_MEDUNDERSKRIVER,NOT_SUPPORTED,NOT_SUPPORTED,UNSET,NOT_SUPPORTED,NOT_SUPPORTED,NOT_SUPPORTED
ROL,FULLFOERT,JOURNALFOERT,ROL_QUESTIONS,NONE,UNSET,NOT_SUPPORTED,UNSET,NOT_SUPPORTED,NOT_SUPPORTED,NOT_SUPPORTED
ROL,FULLFOERT,ROL_QUESTIONS,NONE,KABAL_SAKSBEHANDLING,NOT_SUPPORTED,UNSET,UNSET,NOT_SUPPORTED,UNSET,UNSET
ROL,FULLFOERT,ROL_QUESTIONS,NONE,KABAL_ROL,NOT_SUPPORTED,UNSET,UNSET,NOT_SUPPORTED,UNSET,UNSET
ROL,FULLFOERT,ROL_QUESTIONS,NONE,KABAL_MEDUNDERSKRIVER,NOT_SUPPORTED,UNSET,UNSET,NOT_SUPPORTED,UNSET,UNSET
ROL,FULLFOERT,ROL_QUESTIONS,NONE,NONE,UNSET,UNSET,UNSET,NOT_SUPPORTED,UNSET,UNSET
ROL,FULLFOERT,ROL_ANSWERS,ROL_QUESTIONS,KABAL_SAKSBEHANDLING,NOT_SUPPORTED,UNSET,UNSET,NOT_SUPPORTED,NOT_SUPPORTED,NOT_SUPPORTED
ROL,FULLFOERT,ROL_ANSWERS,ROL_QUESTIONS,KABAL_ROL,NOT_SUPPORTED,UNSET,UNSET,NOT_SUPPORTED,NOT_SUPPORTED,NOT_SUPPORTED
ROL,FULLFOERT,ROL_ANSWERS,ROL_QUESTIONS,KABAL_MEDUNDERSKRIVER,NOT_SUPPORTED,UNSET,UNSET,NOT_SUPPORTED,NOT_SUPPORTED,NOT_SUPPORTED
ROL,FULLFOERT,ROL_ANSWERS,ROL_QUESTIONS,NONE,UNSET,UNSET,UNSET,NOT_SUPPORTED,NOT_SUPPORTED,NOT_SUPPORTED
TILDELT_ROL,WITH_SAKSBEHANDLER,SMART_DOCUMENT,NONE,KABAL_SAKSBEHANDLING,NOT_SUPPORTED,UNSET,UNSET,UNSET,UNSET,UNSET
TILDELT_ROL,WITH_SAKSBEHANDLER,SMART_DOCUMENT,NONE,KABAL_ROL,UNSET,UNSET,UNSET,UNSET,UNSET,UNSET
TILDELT_ROL,WITH_SAKSBEHANDLER,SMART_DOCUMENT,NONE,KABAL_MEDUNDERSKRIVER,NOT_SUPPORTED,UNSET,UNSET,UNSET,UNSET,UNSET
TILDELT_ROL,WITH_SAKSBEHANDLER,SMART_DOCUMENT,NONE,NONE,NOT_SUPPORTED,UNSET,UNSET,UNSET,UNSET,UNSET
TILDELT_ROL,WITH_SAKSBEHANDLER,UPLOADED,NONE,KABAL_SAKSBEHANDLING,NOT_SUPPORTED,NOT_SUPPORTED,UNSET,UNSET,UNSET,UNSET
TILDELT_ROL,WITH_SAKSBEHANDLER,UPLOADED,NONE,KABAL_ROL,UNSET,NOT_SUPPORTED,UNSET,UNSET,UNSET,UNSET
TILDELT_ROL,WITH_SAKSBEHANDLER,UPLOADED,NONE,KABAL_MEDUNDERSKRIVER,NOT_SUPPORTED,NOT_SUPPORTED,UNSET,UNSET,UNSET,UNSET
TILDELT_ROL,WITH_SAKSBEHANDLER,UPLOADED,NONE,NONE,NOT_SUPPORTED,NOT_SUPPORTED,UNSET,UNSET,UNSET,UNSET
TILDELT_ROL,WITH_SAKSBEHANDLER,UPLOADED,UPLOADED,KABAL_SAKSBEHANDLING,NOT_SUPPORTED,NOT_SUPPORTED,UNSET,NOT_SUPPORTED,UNSET,NOT_SUPPORTED
TILDELT_ROL,WITH_SAKSBEHANDLER,UPLOADED,UPLOADED,KABAL_ROL,UNSET,NOT_SUPPORTED,UNSET,NOT_SUPPORTED,UNSET,NOT_SUPPORTED
TILDELT_ROL,WITH_SAKSBEHANDLER,UPLOADED,UPLOADED,KABAL_MEDUNDERSKRIVER,NOT_SUPPORTED,NOT_SUPPORTED,UNSET,NOT_SUPPORTED,UNSET,NOT_SUPPORTED
TILDELT_ROL,WITH_SAKSBEHANDLER,UPLOADED,UPLOADED,NONE,NOT_SUPPORTED,NOT_SUPPORTED,UNSET,NOT_SUPPORTED,UNSET,NOT_SUPPORTED
TILDELT_ROL,WITH_SAKSBEHANDLER,JOURNALFOERT,SMART_DOCUMENT,KABAL_SAKSBEHANDLING,NOT_SUPPORTED,NOT_SUPPORTED,UNSET,NOT_SUPPORTED,NOT_SUPPORTED,NOT_SUPPORTED
TILDELT_ROL,WITH_SAKSBEHANDLER,JOURNALFOERT,SMART_DOCUMENT,KABAL_ROL,UNSET,NOT_SUPPORTED,UNSET,NOT_SUPPORTED,NOT_SUPPORTED,NOT_SUPPORTED
TILDELT_ROL,WITH_SAKSBEHANDLER,JOURNALFOERT,SMART_DOCUMENT,KABAL_MEDUNDERSKRIVER,NOT_SUPPORTED,NOT_SUPPORTED,UNSET,NOT_SUPPORTED,NOT_SUPPORTED,NOT_SUPPORTED
TILDELT_ROL,WITH_SAKSBEHANDLER,JOURNALFOERT,SMART_DOCUMENT,NONE,NOT_SUPPORTED,NOT_SUPPORTED,UNSET,NOT_SUPPORTED,NOT_SUPPORTED,NOT_SUPPORTED
TILDELT_ROL,WITH_SAKSBEHANDLER,JOURNALFOERT,ROL_QUESTIONS,KABAL_SAKSBEHANDLING,NOT_SUPPORTED,NOT_SUPPORTED,UNSET,NOT_SUPPORTED,NOT_SUPPORTED,NOT_SUPPORTED
TILDELT_ROL,WITH_SAKSBEHANDLER,JOURNALFOERT,ROL_QUESTIONS,KABAL_ROL,UNSET,NOT_SUPPORTED,UNSET,NOT_SUPPORTED,NOT_SUPPORTED,NOT_SUPPORTED
TILDELT_ROL,WITH_SAKSBEHANDLER,JOURNALFOERT,ROL_QUESTIONS,KABAL_MEDUNDERSKRIVER,NOT_SUPPORTED,NOT_SUPPORTED,UNSET,NOT_SUPPORTED,NOT_SUPPORTED,NOT_SUPPORTED
TILDELT_ROL,WITH_SAKSBEHANDLER,JOURNALFOERT,ROL_QUESTIONS,NONE,NOT_SUPPORTED,NOT_SUPPORTED,UNSET,NOT_SUPPORTED,NOT_SUPPORTED,NOT_SUPPORTED
TILDELT_ROL,WITH_SAKSBEHANDLER,ROL_QUESTIONS,NONE,KABAL_SAKSBEHANDLING,NOT_SUPPORTED,UNSET,UNSET,NOT_SUPPORTED,UNSET,UNSET
TILDELT_ROL,WITH_SAKSBEHANDLER,ROL_QUESTIONS,NONE,KABAL_ROL,UNSET,UNSET,UNSET,NOT_SUPPORTED,UNSET,UNSET
TILDELT_ROL,WITH_SAKSBEHANDLER,ROL_QUESTIONS,NONE,KABAL_MEDUNDERSKRIVER,NOT_SUPPORTED,UNSET,UNSET,NOT_SUPPORTED,UNSET,UNSET
TILDELT_ROL,WITH_SAKSBEHANDLER,ROL_QUESTIONS,NONE,NONE,NOT_SUPPORTED,UNSET,UNSET,NOT_SUPPORTED,UNSET,UNSET
TILDELT_ROL,WITH_SAKSBEHANDLER,ROL_ANSWERS,ROL_QUESTIONS,KABAL_SAKSBEHANDLING,NOT_SUPPORTED,UNSET,UNSET,NOT_SUPPORTED,NOT_SUPPORTED,NOT_SUPPORTED
TILDELT_ROL,WITH_SAKSBEHANDLER,ROL_ANSWERS,ROL_QUESTIONS,KABAL_ROL,UNSET,UNSET,UNSET,NOT_SUPPORTED,NOT_SUPPORTED,NOT_SUPPORTED
TILDELT_ROL,WITH_SAKSBEHANDLER,ROL_ANSWERS,ROL_QUESTIONS,KABAL_MEDUNDERSKRIVER,NOT_SUPPORTED,UNSET,UNSET,NOT_SUPPORTED,NOT_SUPPORTED,NOT_SUPPORTED
TILDELT_ROL,WITH_SAKSBEHANDLER,ROL_ANSWERS,ROL_QUESTIONS,NONE,NOT_SUPPORTED,UNSET,UNSET,NOT_SUPPORTED,NOT_SUPPORTED,NOT_SUPPORTED
TILDELT_ROL,WITH_MU,SMART_DOCUMENT,NONE,KABAL_SAKSBEHANDLING,NOT_SUPPORTED,UNSET,UNSET,UNSET,UNSET,UNSET
TILDELT_ROL,WITH_MU,SMART_DOCUMENT,NONE,KABAL_ROL,UNSET,UNSET,UNSET,UNSET,UNSET,UNSET
TILDELT_ROL,WITH_MU,SMART_DOCUMENT,NONE,KABAL_MEDUNDERSKRIVER,NOT_SUPPORTED,UNSET,UNSET,UNSET,UNSET,UNSET
TILDELT_ROL,WITH_MU,SMART_DOCUMENT,NONE,NONE,NOT_SUPPORTED,UNSET,UNSET,UNSET,UNSET,UNSET
TILDELT_ROL,WITH_MU,UPLOADED,NONE,KABAL_SAKSBEHANDLING,NOT_SUPPORTED,NOT_SUPPORTED,UNSET,UNSET,UNSET,UNSET
TILDELT_ROL,WITH_MU,UPLOADED,NONE,KABAL_ROL,UNSET,NOT_SUPPORTED,UNSET,UNSET,UNSET,UNSET
TILDELT_ROL,WITH_MU,UPLOADED,NONE,KABAL_MEDUNDERSKRIVER,NOT_SUPPORTED,NOT_SUPPORTED,UNSET,UNSET,UNSET,UNSET
TILDELT_ROL,WITH_MU,UPLOADED,NONE,NONE,NOT_SUPPORTED,NOT_SUPPORTED,UNSET,UNSET,UNSET,UNSET
TILDELT_ROL,WITH_MU,UPLOADED,UPLOADED,KABAL_SAKSBEHANDLING,NOT_SUPPORTED,NOT_SUPPORTED,UNSET,NOT_SUPPORTED,UNSET,NOT_SUPPORTED
TILDELT_ROL,WITH_MU,UPLOADED,UPLOADED,KABAL_ROL,UNSET,NOT_SUPPORTED,UNSET,NOT_SUPPORTED,UNSET,NOT_SUPPORTED
TILDELT_ROL,WITH_MU,UPLOADED,UPLOADED,KABAL_MEDUNDERSKRIVER,NOT_SUPPORTED,NOT_SUPPORTED,UNSET,NOT_SUPPORTED,UNSET,NOT_SUPPORTED
TILDELT_ROL,WITH_MU,UPLOADED,UPLOADED,NONE,NOT_SUPPORTED,NOT_SUPPORTED,UNSET,NOT_SUPPORTED,UNSET,NOT_SUPPORTED
TILDELT_ROL,WITH_MU,JOURNALFOERT,SMART_DOCUMENT,KABAL_SAKSBEHANDLING,NOT_SUPPORTED,NOT_SUPPORTED,UNSET,NOT_SUPPORTED,NOT_SUPPORTED,NOT_SUPPORTED
TILDELT_ROL,WITH_MU,JOURNALFOERT,SMART_DOCUMENT,KABAL_ROL,UNSET,NOT_SUPPORTED,UNSET,NOT_SUPPORTED,NOT_SUPPORTED,NOT_SUPPORTED
TILDELT_ROL,WITH_MU,JOURNALFOERT,SMART_DOCUMENT,KABAL_MEDUNDERSKRIVER,NOT_SUPPORTED,NOT_SUPPORTED,UNSET,NOT_SUPPORTED,NOT_SUPPORTED,NOT_SUPPORTED
TILDELT_ROL,WITH_MU,JOURNALFOERT,SMART_DOCUMENT,NONE,NOT_SUPPORTED,NOT_SUPPORTED,UNSET,NOT_SUPPORTED,NOT_SUPPORTED,NOT_SUPPORTED
TILDELT_ROL,WITH_MU,JOURNALFOERT,ROL_QUESTIONS,KABAL_SAKSBEHANDLING,NOT_SUPPORTED,NOT_SUPPORTED,UNSET,NOT_SUPPORTED,NOT_SUPPORTED,NOT_SUPPORTED
TILDELT_ROL,WITH_MU,JOURNALFOERT,ROL_QUESTIONS,KABAL_ROL,UNSET,NOT_SUPPORTED,UNSET,NOT_SUPPORTED,NOT_SUPPORTED,NOT_SUPPORTED
TILDELT_ROL,WITH_MU,JOURNALFOERT,ROL_QUESTIONS,KABAL_MEDUNDERSKRIVER,NOT_SUPPORTED,NOT_SUPPORTED,UNSET,NOT_SUPPORTED,NOT_SUPPORTED,NOT_SUPPORTED
TILDELT_ROL,WITH_MU,JOURNALFOERT,ROL_QUESTIONS,NONE,NOT_SUPPORTED,NOT_SUPPORTED,UNSET,NOT_SUPPORTED,NOT_SUPPORTED,NOT_SUPPORTED
TILDELT_ROL,WITH_MU,ROL_QUESTIONS,NONE,KABAL_SAKSBEHANDLING,NOT_SUPPORTED,UNSET,UNSET,NOT_SUPPORTED,UNSET,UNSET
TILDELT_ROL,WITH_MU,ROL_QUESTIONS,NONE,KABAL_ROL,UNSET,UNSET,UNSET,NOT_SUPPORTED,UNSET,UNSET
TILDELT_ROL,WITH_MU,ROL_QUESTIONS,NONE,KABAL_MEDUNDERSKRIVER,NOT_SUPPORTED,UNSET,UNSET,NOT_SUPPORTED,UNSET,UNSET
TILDELT_ROL,WITH_MU,ROL_QUESTIONS,NONE,NONE,NOT_SUPPORTED,UNSET,UNSET,NOT_SUPPORTED,UNSET,UNSET
TILDELT_ROL,WITH_MU,ROL_ANSWERS,ROL_QUESTIONS,KABAL_SAKSBEHANDLING,NOT_SUPPORTED,UNSET,UNSET,NOT_SUPPORTED,NOT_SUPPORTED,NOT_SUPPORTED
TILDELT_ROL,WITH_MU,ROL_ANSWERS,ROL_QUESTIONS,KABAL_ROL,UNSET,UNSET,UNSET,NOT_SUPPORTED,NOT_SUPPORTED,NOT_SUPPORTED
TILDELT_ROL,WITH_MU,ROL_ANSWERS,ROL_QUESTIONS,KABAL_MEDUNDERSKRIVER,NOT_SUPPORTED,UNSET,UNSET,NOT_SUPPORTED,NOT_SUPPORTED,NOT_SUPPORTED
TILDELT_ROL,WITH_MU,ROL_ANSWERS,ROL_QUESTIONS,NONE,NOT_SUPPORTED,UNSET,UNSET,NOT_SUPPORTED,NOT_SUPPORTED,NOT_SUPPORTED
TILDELT_ROL,WITH_ROL,SMART_DOCUMENT,NONE,KABAL_SAKSBEHANDLING,NOT_SUPPORTED,UNSET,UNSET,UNSET,UNSET,UNSET
TILDELT_ROL,WITH_ROL,SMART_DOCUMENT,NONE,KABAL_ROL,UNSET,UNSET,UNSET,UNSET,UNSET,UNSET
TILDELT_ROL,WITH_ROL,SMART_DOCUMENT,NONE,KABAL_MEDUNDERSKRIVER,NOT_SUPPORTED,UNSET,UNSET,UNSET,UNSET,UNSET
TILDELT_ROL,WITH_ROL,SMART_DOCUMENT,NONE,NONE,NOT_SUPPORTED,UNSET,UNSET,UNSET,UNSET,UNSET
TILDELT_ROL,WITH_ROL,UPLOADED,NONE,KABAL_SAKSBEHANDLING,NOT_SUPPORTED,NOT_SUPPORTED,UNSET,UNSET,UNSET,UNSET
TILDELT_ROL,WITH_ROL,UPLOADED,NONE,KABAL_ROL,UNSET,NOT_SUPPORTED,UNSET,UNSET,UNSET,UNSET
TILDELT_ROL,WITH_ROL,UPLOADED,NONE,KABAL_MEDUNDERSKRIVER,NOT_SUPPORTED,NOT_SUPPORTED,UNSET,UNSET,UNSET,UNSET
TILDELT_ROL,WITH_ROL,UPLOADED,NONE,NONE,NOT_SUPPORTED,NOT_SUPPORTED,UNSET,UNSET,UNSET,UNSET
TILDELT_ROL,WITH_ROL,UPLOADED,UPLOADED,KABAL_SAKSBEHANDLING,NOT_SUPPORTED,NOT_SUPPORTED,UNSET,NOT_SUPPORTED,UNSET,NOT_SUPPORTED
TILDELT_ROL,WITH_ROL,UPLOADED,UPLOADED,KABAL_ROL,UNSET,NOT_SUPPORTED,UNSET,NOT_SUPPORTED,UNSET,NOT_SUPPORTED
TILDELT_ROL,WITH_ROL,UPLOADED,UPLOADED,KABAL_MEDUNDERSKRIVER,NOT_SUPPORTED,NOT_SUPPORTED,UNSET,NOT_SUPPORTED,UNSET,NOT_SUPPORTED
TILDELT_ROL,WITH_ROL,UPLOADED,UPLOADED,NONE,NOT_SUPPORTED,NOT_SUPPORTED,UNSET,NOT_SUPPORTED,UNSET,NOT_SUPPORTED
TILDELT_ROL,WITH_ROL,JOURNALFOERT,SMART_DOCUMENT,KABAL_SAKSBEHANDLING,NOT_SUPPORTED,NOT_SUPPORTED,UNSET,NOT_SUPPORTED,NOT_SUPPORTED,NOT_SUPPORTED
TILDELT_ROL,WITH_ROL,JOURNALFOERT,SMART_DOCUMENT,KABAL_ROL,UNSET,NOT_SUPPORTED,UNSET,NOT_SUPPORTED,NOT_SUPPORTED,NOT_SUPPORTED
TILDELT_ROL,WITH_ROL,JOURNALFOERT,SMART_DOCUMENT,KABAL_MEDUNDERSKRIVER,NOT_SUPPORTED,NOT_SUPPORTED,UNSET,NOT_SUPPORTED,NOT_SUPPORTED,NOT_SUPPORTED
TILDELT_ROL,WITH_ROL,JOURNALFOERT,SMART_DOCUMENT,NONE,NOT_SUPPORTED,NOT_SUPPORTED,UNSET,NOT_SUPPORTED,NOT_SUPPORTED,NOT_SUPPORTED
TILDELT_ROL,WITH_ROL,JOURNALFOERT,ROL_QUESTIONS,KABAL_SAKSBEHANDLING,NOT_SUPPORTED,NOT_SUPPORTED,UNSET,NOT_SUPPORTED,NOT_SUPPORTED,NOT_SUPPORTED
TILDELT_ROL,WITH_ROL,JOURNALFOERT,ROL_QUESTIONS,KABAL_ROL,UNSET,NOT_SUPPORTED,UNSET,NOT_SUPPORTED,NOT_SUPPORTED,NOT_SUPPORTED
TILDELT_ROL,WITH_ROL,JOURNALFOERT,ROL_QUESTIONS,KABAL_MEDUNDERSKRIVER,NOT_SUPPORTED,NOT_SUPPORTED,UNSET,NOT_SUPPORTED,NOT_SUPPORTED,NOT_SUPPORTED
TILDELT_ROL,WITH_ROL,JOURNALFOERT,ROL_QUESTIONS,NONE,NOT_SUPPORTED,NOT_SUPPORTED,UNSET,NOT_SUPPORTED,NOT_SUPPORTED,NOT_SUPPORTED
TILDELT_ROL,WITH_ROL,ROL_QUESTIONS,NONE,KABAL_SAKSBEHANDLING,NOT_SUPPORTED,UNSET,UNSET,NOT_SUPPORTED,UNSET,UNSET
TILDELT_ROL,WITH_ROL,ROL_QUESTIONS,NONE,KABAL_ROL,UNSET,UNSET,UNSET,NOT_SUPPORTED,UNSET,UNSET
TILDELT_ROL,WITH_ROL,ROL_QUESTIONS,NONE,KABAL_MEDUNDERSKRIVER,NOT_SUPPORTED,UNSET,UNSET,NOT_SUPPORTED,UNSET,UNSET
TILDELT_ROL,WITH_ROL,ROL_QUESTIONS,NONE,NONE,NOT_SUPPORTED,UNSET,UNSET,NOT_SUPPORTED,UNSET,UNSET
TILDELT_ROL,WITH_ROL,ROL_ANSWERS,ROL_QUESTIONS,KABAL_SAKSBEHANDLING,NOT_SUPPORTED,UNSET,UNSET,NOT_SUPPORTED,NOT_SUPPORTED,NOT_SUPPORTED
TILDELT_ROL,WITH_ROL,ROL_ANSWERS,ROL_QUESTIONS,KABAL_ROL,UNSET,UNSET,UNSET,NOT_SUPPORTED,NOT_SUPPORTED,NOT_SUPPORTED
TILDELT_ROL,WITH_ROL,ROL_ANSWERS,ROL_QUESTIONS,KABAL_MEDUNDERSKRIVER,NOT_SUPPORTED,UNSET,UNSET,NOT_SUPPORTED,NOT_SUPPORTED,NOT_SUPPORTED
TILDELT_ROL,WITH_ROL,ROL_ANSWERS,ROL_QUESTIONS,NONE,NOT_SUPPORTED,UNSET,UNSET,NOT_SUPPORTED,NOT_SUPPORTED,NOT_SUPPORTED
TILDELT_ROL,RETURNED_FROM_ROL,SMART_DOCUMENT,NONE,KABAL_SAKSBEHANDLING,NOT_SUPPORTED,UNSET,UNSET,UNSET,UNSET,UNSET
TILDELT_ROL,RETURNED_FROM_ROL,SMART_DOCUMENT,NONE,KABAL_ROL,UNSET,UNSET,UNSET,UNSET,UNSET,UNSET
TILDELT_ROL,RETURNED_FROM_ROL,SMART_DOCUMENT,NONE,KABAL_MEDUNDERSKRIVER,NOT_SUPPORTED,UNSET,UNSET,UNSET,UNSET,UNSET
TILDELT_ROL,RETURNED_FROM_ROL,SMART_DOCUMENT,NONE,NONE,NOT_SUPPORTED,UNSET,UNSET,UNSET,UNSET,UNSET
TILDELT_ROL,RETURNED_FROM_ROL,UPLOADED,NONE,KABAL_SAKSBEHANDLING,NOT_SUPPORTED,NOT_SUPPORTED,UNSET,UNSET,UNSET,UNSET
TILDELT_ROL,RETURNED_FROM_ROL,UPLOADED,NONE,KABAL_ROL,UNSET,NOT_SUPPORTED,UNSET,UNSET,UNSET,UNSET
TILDELT_ROL,RETURNED_FROM_ROL,UPLOADED,NONE,KABAL_MEDUNDERSKRIVER,NOT_SUPPORTED,NOT_SUPPORTED,UNSET,UNSET,UNSET,UNSET
TILDELT_ROL,RETURNED_FROM_ROL,UPLOADED,NONE,NONE,NOT_SUPPORTED,NOT_SUPPORTED,UNSET,UNSET,UNSET,UNSET
TILDELT_ROL,RETURNED_FROM_ROL,UPLOADED,UPLOADED,KABAL_SAKSBEHANDLING,NOT_SUPPORTED,NOT_SUPPORTED,UNSET,NOT_SUPPORTED,UNSET,NOT_SUPPORTED
TILDELT_ROL,RETURNED_FROM_ROL,UPLOADED,UPLOADED,KABAL_ROL,UNSET,NOT_SUPPORTED,UNSET,NOT_SUPPORTED,UNSET,NOT_SUPPORTED
TILDELT_ROL,RETURNED_FROM_ROL,UPLOADED,UPLOADED,KABAL_MEDUNDERSKRIVER,NOT_SUPPORTED,NOT_SUPPORTED,UNSET,NOT_SUPPORTED,UNSET,NOT_SUPPORTED
TILDELT_ROL,RETURNED_FROM_ROL,UPLOADED,UPLOADED,NONE,NOT_SUPPORTED,NOT_SUPPORTED,UNSET,NOT_SUPPORTED,UNSET,NOT_SUPPORTED
TILDELT_ROL,RETURNED_FROM_ROL,JOURNALFOERT,SMART_DOCUMENT,KABAL_SAKSBEHANDLING,NOT_SUPPORTED,NOT_SUPPORTED,UNSET,NOT_SUPPORTED,NOT_SUPPORTED,NOT_SUPPORTED
TILDELT_ROL,RETURNED_FROM_ROL,JOURNALFOERT,SMART_DOCUMENT,KABAL_ROL,UNSET,NOT_SUPPORTED,UNSET,NOT_SUPPORTED,NOT_SUPPORTED,NOT_SUPPORTED
TILDELT_ROL,RETURNED_FROM_ROL,JOURNALFOERT,SMART_DOCUMENT,KABAL_MEDUNDERSKRIVER,NOT_SUPPORTED,NOT_SUPPORTED,UNSET,NOT_SUPPORTED,NOT_SUPPORTED,NOT_SUPPORTED
TILDELT_ROL,RETURNED_FROM_ROL,JOURNALFOERT,SMART_DOCUMENT,NONE,NOT_SUPPORTED,NOT_SUPPORTED,UNSET,NOT_SUPPORTED,NOT_SUPPORTED,NOT_SUPPORTED
TILDELT_ROL,RETURNED_FROM_ROL,JOURNALFOERT,ROL_QUESTIONS,KABAL_SAKSBEHANDLING,NOT_SUPPORTED,NOT_SUPPORTED,UNSET,NOT_SUPPORTED,NOT_SUPPORTED,NOT_SUPPORTED
TILDELT_ROL,RETURNED_FROM_ROL,JOURNALFOERT,ROL_QUESTIONS,KABAL_ROL,UNSET,NOT_SUPPORTED,UNSET,NOT_SUPPORTED,NOT_SUPPORTED,NOT_SUPPORTED
TILDELT_ROL,RETURNED_FROM_ROL,JOURNALFOERT,ROL_QUESTIONS,KABAL_MEDUNDERSKRIVER,NOT_SUPPORTED,NOT_SUPPORTED,UNSET,NOT_SUPPORTED,NOT_SUPPORTED,NOT_SUPPORTED
TILDELT_ROL,RETURNED_FROM_ROL,JOURNALFOERT,ROL_QUESTIONS,NONE,NOT_SUPPORTED,NOT_SUPPORTED,UNSET,NOT_SUPPORTED,NOT_SUPPORTED,NOT_SUPPORTED
TILDELT_ROL,RETURNED_FROM_ROL,ROL_QUESTIONS,NONE,KABAL_SAKSBEHANDLING,NOT_SUPPORTED,UNSET,UNSET,NOT_SUPPORTED,UNSET,UNSET
TILDELT_ROL,RETURNED_FROM_ROL,ROL_QUESTIONS,NONE,KABAL_ROL,UNSET,UNSET,UNSET,NOT_SUPPORTED,UNSET,UNSET
TILDELT_ROL,RETURNED_FROM_ROL,ROL_QUESTIONS,NONE,KABAL_MEDUNDERSKRIVER,NOT_SUPPORTED,UNSET,UNSET,NOT_SUPPORTED,UNSET,UNSET
TILDELT_ROL,RETURNED_FROM_ROL,ROL_QUESTIONS,NONE,NONE,NOT_SUPPORTED,UNSET,UNSET,NOT_SUPPORTED,UNSET,UNSET
TILDELT_ROL,RETURNED_FROM_ROL,ROL_ANSWERS,ROL_QUESTIONS,KABAL_SAKSBEHANDLING,NOT_SUPPORTED,UNSET,UNSET,NOT_SUPPORTED,NOT_SUPPORTED,NOT_SUPPORTED
TILDELT_ROL,RETURNED_FROM_ROL,ROL_ANSWERS,ROL_QUESTIONS,KABAL_ROL,UNSET,UNSET,UNSET,NOT_SUPPORTED,NOT_SUPPORTED,NOT_SUPPORTED
TILDELT_ROL,RETURNED_FROM_ROL,ROL_ANSWERS,ROL_QUESTIONS,KABAL_MEDUNDERSKRIVER,NOT_SUPPORTED,UNSET,UNSET,NOT_SUPPORTED,NOT_SUPPORTED,NOT_SUPPORTED
TILDELT_ROL,RETURNED_FROM_ROL,ROL_ANSWERS,ROL_QUESTIONS,NONE,NOT_SUPPORTED,UNSET,UNSET,NOT_SUPPORTED,NOT_SUPPORTED,NOT_SUPPORTED